,CHK_ACCT,Duration,Credit History,Credit Amount,Balance in Savings A/C,Employment,Install_rate,Marital status,Present Resident,Age,Other installment,Num_Credits,Job,Credit classification,Credit Rating
0,0,6,2,0.3689564080722511,4,2,4,5,4,0.34941072484585367,1,2,5,1,0
1,1,48,4,0.37561214774011553,1,0,2,0,2,0.33585362118289175,0,1,1,0,1
2,2,12,2,0.3715784698496021,1,3,2,5,3,0.3461303165564136,0,1,5,1,0
3,0,42,4,0.37658079758600155,1,3,2,5,4,0.34517508014159337,0,1,1,1,0
4,0,24,3,0.3748931578752899,1,0,3,5,4,0.34698595244137015,1,2,1,0,1
5,2,36,4,0.3770430529742826,4,0,2,5,4,0.3421814165124942,0,1,5,1,0
6,2,24,4,0.3728240466222038,6,2,3,5,4,0.34698595244137015,0,1,1,1,0
7,1,36,4,0.3761515323055674,1,0,2,5,2,0.3421814165124942,0,1,0,1,0
8,2,12,4,0.373126964073755,3,3,2,1,4,0.3484628968282321,0,1,5,1,0
9,1,30,2,0.37515447780183814,1,4,4,4,2,0.33928104052650254,1,2,0,0,1
10,1,12,4,0.36943828503254783,1,1,3,0,1,0.33771074028991616,0,1,1,0,1
11,0,48,4,0.37444119295513073,1,1,3,0,4,0.337127875355354,0,1,1,0,1
12,1,12,4,0.3703098267790166,1,0,1,0,1,0.33585362118289175,0,1,1,1,0
13,0,24,2,0.36907662932305485,1,2,4,5,4,0.3482928352666628,1,2,5,0,1
14,0,15,4,0.3698084931671903,1,0,2,0,4,0.33928104052650254,0,1,1,1,0
15,0,24,4,0.36939123134951934,5,0,4,0,2,0.34104578678506664,0,1,5,0,1
16,2,24,2,0.37218678706338176,4,2,4,5,4,0.34698595244137015,1,2,1,1,0
17,0,30,0,0.376660891346287,4,1,2,5,3,0.33771074028991616,1,3,1,1,0
18,1,24,4,0.3780989775104781,1,2,4,0,2,0.34491820695950814,0,1,0,0,1
19,2,24,4,0.3735752201607362,6,2,3,5,2,0.3406342426867164,0,1,1,1,0
20,2,9,2,0.3716545476987803,1,0,4,5,4,0.3459016192610386,1,3,1,1,0
21,0,6,4,0.37254711928188067,6,0,2,5,3,0.34491820695950814,0,1,1,1,0
22,0,10,2,0.3718604045139319,1,1,1,5,3,0.3459016192610386,1,2,5,1,0
23,1,12,2,0.37093299983256417,5,1,3,5,4,0.34491820695950814,0,1,1,1,0
24,2,10,2,0.37152341117854676,4,0,2,4,1,0.3382620256541887,1,2,1,1,0
25,0,6,4,0.36971253294554673,1,0,1,5,2,0.34253071065961543,1,1,5,1,0
26,2,6,0,0.36359385181267206,1,2,4,4,4,0.3435037699753355,0,1,5,1,0
27,3,12,1,0.3633507191875537,3,0,3,0,3,0.34437993265005556,1,2,1,1,0
28,1,7,4,0.3721714278142589,1,0,3,5,2,0.34181819093076593,0,1,1,1,0
29,0,60,3,0.37609558226143697,1,2,3,5,4,0.34879213507952683,1,2,1,0,1
30,1,18,4,0.37118760974170045,3,1,3,4,3,0.34253071065961543,1,1,1,1,0
31,0,24,4,0.3741819227472804,1,0,2,5,2,0.33878461744725724,1,1,1,1,0
32,1,18,4,0.3755613483431114,5,0,2,5,2,0.3402040022840905,1,2,1,1,0
33,2,12,2,0.36932512483354885,4,2,4,5,4,0.34775908412850337,0,1,5,1,0
34,3,12,4,0.3700337227297274,1,1,4,0,1,0.34144002131489304,1,1,0,1,0
35,1,45,2,0.3747988764387932,1,1,4,5,2,0.33771074028991616,1,2,5,0,1
36,2,48,2,0.37570494018932915,1,0,1,5,3,0.3406342426867164,1,1,1,1,0
37,3,18,4,0.3715865549518354,1,0,4,5,2,0.34286699087144074,1,1,1,0,1
38,3,10,4,0.36917792846244596,1,0,2,5,2,0.34286699087144074,0,1,1,1,0
39,1,9,4,0.364020513161443,1,0,4,5,3,0.337127875355354,0,1,1,1,0
40,2,30,4,0.37202828440550995,6,2,4,5,2,0.3402040022840905,1,1,0,1,0
41,1,12,4,0.3689113927058737,6,0,3,1,1,0.3382620256541887,0,1,1,1,0
42,1,18,3,0.37575848485680163,1,0,2,5,4,0.34491820695950814,0,1,5,1,0
43,0,30,2,0.37574887154556197,5,3,1,4,4,0.337127875355354,1,2,1,1,0
44,0,48,2,0.37572384645463874,1,2,4,0,4,0.3479410895948148,1,2,5,0,1
45,2,11,2,0.36977567436694286,1,1,4,0,4,0.3421814165124942,1,2,0,1,0
46,2,36,4,0.3719671718461336,6,2,4,5,4,0.3435037699753355,0,1,1,1,0
47,0,6,4,0.3696380998613368,6,4,1,0,2,0.3365101139409041,0,1,4,1,0
48,2,11,2,0.3762869391696622,1,0,1,5,4,0.3435037699753355,1,2,5,1,0
49,2,12,4,0.37153162175352755,5,0,4,0,2,0.33928104052650254,0,1,1,1,0
50,1,24,3,0.37202828440550995,4,1,4,5,2,0.3397535150166297,1,1,5,1,0
51,1,27,3,0.3756204335399689,1,2,1,5,2,0.3402040022840905,1,2,0,1,0
52,2,12,4,0.3693177098629549,1,0,3,5,2,0.33771074028991616,0,1,1,1,0
53,2,18,4,0.37351592716305615,4,0,2,5,1,0.3406342426867164,0,1,1,1,0
54,1,36,3,0.3718303732470252,1,2,4,5,4,0.34775908412850337,1,2,1,0,1
55,2,6,1,0.3669681677991507,4,0,1,5,2,0.3382620256541887,1,1,5,1,0
56,1,12,4,0.37590395182724423,4,4,2,5,1,0.34678036896021164,0,1,0,0,1
57,2,36,2,0.3772231821243991,1,0,2,0,2,0.3406342426867164,1,2,1,1,0
58,3,18,4,0.37129430651451706,1,2,3,0,2,0.3365101139409041,0,1,0,1,0
59,0,36,2,0.37577256647477936,1,1,4,0,4,0.3365101139409041,1,2,5,0,1
60,1,9,4,0.36976907669388764,1,0,2,4,1,0.33878461744725724,1,1,1,1,0
61,1,15,2,0.37022295251360926,4,2,4,5,4,0.346352815412462,1,2,1,1,0
62,1,36,0,0.3712767410373645,1,2,4,5,4,0.3484628968282321,0,1,0,0,1
63,1,48,0,0.3785225382126473,1,0,2,5,2,0.33771074028991616,0,1,1,0,1
64,2,24,4,0.3732811352147162,1,1,4,0,4,0.3382620256541887,0,1,1,1,0
65,2,27,4,0.37512403660030685,4,2,4,5,4,0.3459016192610386,1,4,1,1,0
66,2,12,4,0.37172709225213674,1,1,2,0,2,0.3397535150166297,1,1,1,1,0
67,1,12,4,0.36823581998627297,3,0,4,4,1,0.33585362118289175,0,1,1,1,0
68,2,36,4,0.3709691109294486,1,0,4,5,4,0.34286699087144074,1,1,1,0,1
69,2,36,4,0.3721353241639553,4,0,4,0,4,0.33771074028991616,0,1,1,1,0
70,2,36,4,0.37668614284386615,1,0,1,0,2,0.3402040022840905,1,1,1,1,0
71,2,7,2,0.3666026702996122,4,2,4,5,2,0.34542435085076645,1,2,5,1,0
72,0,8,2,0.36893601007204446,1,2,3,5,4,0.3465694084595632,1,2,0,1,0
73,1,42,2,0.37561392518023073,1,3,2,0,1,0.34409758202147595,1,2,5,1,0
74,0,36,4,0.3713291829328308,4,2,4,5,4,0.3438057220293414,0,1,0,0,1
75,0,12,2,0.3701905888425924,1,2,4,5,4,0.34926076249979127,1,2,0,1,0
76,0,42,4,0.3741299299835467,1,1,4,5,3,0.34181819093076593,0,1,1,0,1
77,1,11,3,0.3748181150574287,1,3,2,5,4,0.3465694084595632,0,1,1,1,0
78,2,54,0,0.37717843155452474,4,0,2,5,2,0.3435037699753355,0,1,5,1,0
79,1,30,4,0.37400062162580877,1,1,2,4,1,0.33585362118289175,0,1,1,1,0
80,2,24,4,0.37560740278855265,4,1,1,0,1,0.34491820695950814,1,2,1,0,1
81,2,15,4,0.36913149976505977,6,2,4,5,3,0.3456664097071358,1,1,1,1,0
82,2,18,4,0.37031268824436825,5,0,3,0,4,0.337127875355354,0,1,5,1,0
83,0,24,4,0.37081249336277244,1,2,4,0,4,0.3479410895948148,0,1,5,1,0
84,0,10,4,0.37199606331968704,1,2,3,5,4,0.34678036896021164,0,1,5,1,0
85,2,12,2,0.36983779112529297,1,0,4,0,2,0.3397535150166297,1,2,0,1,0
86,1,18,2,0.36943828503254783,1,1,4,0,1,0.33878461744725724,1,2,1,1,0
87,1,36,4,0.378107180729402,5,0,1,5,4,0.3456664097071358,0,1,1,0,1
88,0,18,4,0.3718753248504509,5,3,4,5,3,0.3402040022840905,0,1,0,1,0
89,0,12,0,0.3687000782979759,1,3,4,5,3,0.33928104052650254,1,2,1,0,1
90,2,12,2,0.36571117486326726,1,2,4,5,4,0.34757275979397356,0,1,1,1,0
91,0,12,2,0.3698280500814016,1,2,4,5,3,0.3471863981609548,0,1,1,1,0
92,2,12,2,0.36705970722897696,4,2,4,0,3,0.34144002131489304,1,1,5,0,1
93,3,24,2,0.3737800181494195,4,2,4,5,4,0.3344058248343126,1,2,1,1,0
94,1,12,4,0.36952015968435825,3,2,4,5,4,0.3471863981609548,0,1,1,1,0
95,1,54,0,0.37882841048551785,1,1,3,5,4,0.3479410895948148,0,1,1,0,1
96,2,12,2,0.3714043176020734,4,3,4,0,2,0.3484628968282321,0,1,1,1,0
97,1,18,4,0.37250854598221317,5,0,4,5,4,0.34181819093076593,0,1,1,1,0
98,1,36,2,0.37203540460896,1,2,4,5,4,0.34253071065961543,0,1,1,1,0
99,1,20,3,0.3762049857574113,4,3,3,5,4,0.34253071065961543,1,2,0,1,0
100,2,24,4,0.37001829092718985,5,2,4,4,4,0.34409758202147595,0,1,5,1,0
101,1,36,4,0.37201042036159326,1,3,4,5,4,0.337127875355354,0,1,1,1,0
102,2,6,3,0.36785303770919503,1,0,3,0,2,0.337127875355354,0,1,1,1,0
103,1,9,2,0.37120112020697066,1,3,4,5,3,0.3421814165124942,0,1,1,1,0
104,2,12,4,0.37222236399028025,4,1,2,4,4,0.3382620256541887,0,1,1,1,0
105,1,24,2,0.37793453078485706,1,0,2,5,3,0.3435037699753355,1,2,0,0,1
106,2,18,1,0.3758985685655774,1,2,2,5,4,0.3435037699753355,1,2,0,0,1
107,1,12,4,0.3756864928662705,1,3,2,5,2,0.34104578678506664,0,1,1,1,0
108,0,24,4,0.3765111548880655,4,1,1,0,2,0.3402040022840905,0,1,1,1,0
109,1,14,4,0.3698312998571879,6,2,1,4,2,0.3421814165124942,0,1,1,1,0
110,1,6,3,0.3699559283540391,5,2,1,1,2,0.3406342426867164,1,2,1,1,0
111,3,15,4,0.36309472962646855,1,1,4,0,4,0.3365101139409041,0,1,1,1,0
112,1,18,4,0.37578993652933124,1,3,3,5,3,0.33928104052650254,0,1,5,1,0
113,2,36,2,0.3765692342117584,1,0,4,0,2,0.33771074028991616,1,2,1,0,1
114,0,12,4,0.37062004675173127,6,2,3,4,1,0.3421814165124942,0,1,1,1,0
115,2,48,2,0.3737383500285886,4,2,4,5,1,0.3456664097071358,0,1,1,1,0
116,0,42,4,0.3762613047206109,4,3,4,0,3,0.3402040022840905,0,1,0,0,1
117,0,10,2,0.371650583866231,4,1,2,0,3,0.33878461744725724,1,2,1,1,0
118,0,33,2,0.3744177621531022,6,0,1,0,4,0.3365101139409041,1,2,1,0,1
119,1,12,2,0.37208659759748836,6,3,3,1,3,0.34253071065961543,0,1,0,1,0
120,0,21,4,0.3710072401407767,1,0,3,0,2,0.33771074028991616,1,2,1,0,1
121,2,24,2,0.37403613672375197,1,2,4,0,2,0.34409758202147595,1,2,0,1,0
122,2,12,4,0.3708448521143947,1,0,3,5,2,0.337127875355354,0,1,5,1,0
123,3,10,2,0.36695492828532184,1,2,4,5,4,0.34879213507952683,1,2,1,1,0
124,1,18,4,0.371212340553428,4,1,4,0,3,0.33878461744725724,0,1,1,0,1
125,0,12,2,0.3716287035111055,1,0,4,5,2,0.3402040022840905,1,2,1,1,0
126,0,12,4,0.36638870988045474,1,0,4,4,2,0.3438057220293414,0,1,5,1,0
127,1,12,4,0.3658926891173923,1,0,4,5,2,0.3402040022840905,0,1,1,0,1
128,1,12,2,0.3710660305000901,1,4,4,5,2,0.34181819093076593,1,2,0,1,0
129,0,12,2,0.3736522839300237,1,0,3,0,2,0.3397535150166297,1,2,1,0,1
130,1,48,4,0.3768284757573024,4,3,1,0,2,0.337127875355354,0,1,1,1,0
131,0,36,3,0.37612119069911976,1,0,4,5,3,0.3397535150166297,1,1,1,0,1
132,2,15,4,0.37263945688354216,1,1,2,5,3,0.33878461744725724,1,2,5,1,0
133,2,18,4,0.3713443358780901,1,0,4,5,4,0.3456664097071358,1,2,1,1,0
134,2,60,4,0.37741397130673016,5,3,2,0,4,0.33515393464279974,0,1,1,1,0
135,2,12,2,0.36923520074939203,4,2,4,0,2,0.3431910908111629,1,2,1,1,0
136,2,27,3,0.376877483681933,3,0,2,5,2,0.33878461744725724,1,2,1,1,0
137,1,12,4,0.3668542984221723,6,0,4,5,3,0.34926076249979127,0,1,5,0,1
138,1,15,2,0.37266919721860725,4,3,4,5,2,0.3421814165124942,1,3,1,1,0
139,3,12,4,0.37111469125131785,1,0,2,0,2,0.34491820695950814,0,1,5,1,0
140,3,6,4,0.36644879701988975,3,1,2,4,2,0.33878461744725724,0,1,4,1,0
141,1,36,4,0.37483647347292004,1,1,4,0,1,0.3402040022840905,0,1,0,1,0
142,0,27,4,0.3735593612990045,1,0,3,5,2,0.33878461744725724,0,1,0,1,0
143,0,18,4,0.37225090017267015,1,0,2,5,2,0.33585362118289175,0,1,1,0,1
144,2,21,2,0.3719471702174782,1,1,4,0,4,0.3365101139409041,0,1,1,1,0
145,1,48,1,0.3737254214922733,5,3,4,5,2,0.3402040022840905,0,1,1,1,0
146,0,6,2,0.36744872640415494,1,2,1,0,4,0.3435037699753355,1,2,1,1,0
147,2,12,2,0.366242585482016,5,3,4,0,3,0.3465694084595632,1,2,1,1,0
148,0,36,2,0.3752473794769163,1,0,3,5,2,0.33928104052650254,1,2,1,1,0
149,2,18,2,0.3703525210191144,3,2,4,5,4,0.34542435085076645,1,2,1,1,0
150,2,6,4,0.36961754736320335,5,2,2,5,4,0.34437993265005556,1,1,1,1,0
151,2,10,4,0.371212340553428,1,0,1,5,4,0.3431910908111629,0,1,1,1,0
152,3,36,4,0.3755504806836155,1,0,4,5,1,0.337127875355354,0,1,1,1,0
153,1,24,2,0.3765273079540308,3,2,2,0,4,0.3397535150166297,0,1,1,1,0
154,1,24,3,0.3761609197515268,5,3,4,5,4,0.34253071065961543,0,1,0,1,0
155,0,12,4,0.36939123134951934,1,0,2,0,4,0.3344058248343126,0,1,1,0,1
156,0,9,2,0.3694130193405655,5,2,3,5,4,0.3459016192610386,1,2,1,1,0
157,0,12,1,0.3621986425025248,1,2,4,4,1,0.34517508014159337,1,1,5,1,0
158,1,24,4,0.3736666029608883,5,3,2,5,3,0.3431910908111629,1,2,1,1,0
159,2,6,2,0.37115361158111626,4,0,1,5,2,0.34181819093076593,1,2,5,1,0
160,2,24,2,0.37287599245342923,5,2,3,5,4,0.34253071065961543,0,1,1,1,0
161,2,18,2,0.3684631470387073,1,1,4,0,1,0.3402040022840905,1,2,1,1,0
162,2,15,4,0.3693177098629549,6,3,4,5,3,0.34253071065961543,1,2,1,1,0
163,1,10,4,0.3763245098897607,1,4,2,5,4,0.34984336960866486,1,1,0,1,0
164,2,36,4,0.3677281194075929,6,2,4,5,4,0.34253071065961543,0,1,1,1,0
165,2,6,4,0.37302054125174866,6,0,1,5,2,0.34104578678506664,0,1,1,1,0
166,0,18,4,0.36879868088119067,1,4,4,0,2,0.34144002131489304,0,1,1,0,1
167,1,11,4,0.3703383436006227,3,1,4,0,1,0.3344058248343126,0,1,1,1,0
168,2,24,4,0.3741365941158295,1,3,2,0,4,0.33771074028991616,0,1,1,1,0
169,1,24,2,0.37123690354820277,1,2,4,1,4,0.3406342426867164,1,2,1,0,1
170,0,15,0,0.3679482235278461,1,2,4,5,3,0.34144002131489304,1,2,1,0,1
171,2,12,4,0.36683388454294175,1,0,4,0,1,0.3382620256541887,0,1,1,1,0
172,1,24,3,0.3715131213767322,1,4,3,0,2,0.34181819093076593,0,1,0,0,1
173,1,8,4,0.3698442713777169,1,0,4,5,2,0.34144002131489304,0,1,1,1,0
174,0,21,3,0.37355708950193844,1,1,2,5,1,0.3382620256541887,1,2,1,0,1
175,2,30,1,0.3764059636292673,4,4,4,0,1,0.34698595244137015,1,1,0,0,1
176,0,12,4,0.3724380047993044,1,0,2,1,1,0.34437993265005556,0,1,1,1,0
177,0,6,2,0.3621800863092919,6,2,4,5,4,0.34678036896021164,1,2,1,1,0
178,2,12,4,0.37129868455702336,1,3,4,5,2,0.3406342426867164,1,2,0,1,0
179,0,21,2,0.3652760365287359,1,2,4,5,4,0.34910775274979705,1,2,1,1,0
180,2,36,3,0.3772252305232981,1,1,1,1,1,0.33928104052650254,1,2,1,0,1
181,1,36,3,0.3745658112038151,1,0,2,1,2,0.3402040022840905,1,2,0,0,1
182,0,21,1,0.37053209191400055,4,0,4,5,2,0.3438057220293414,1,2,5,0,1
183,2,24,2,0.37394559859244586,3,0,4,5,4,0.346352815412462,0,1,1,1,0
184,1,18,2,0.36758791856824485,1,2,4,5,4,0.34253071065961543,1,1,1,0,1
185,2,15,2,0.36966533352976416,1,0,4,5,2,0.3406342426867164,1,2,1,1,0
186,1,9,1,0.3750813315147938,1,2,2,0,4,0.3503834811372257,1,1,0,0,1
187,1,16,2,0.3689807474114217,1,4,2,5,3,0.3495577466134833,1,3,4,1,0
188,0,12,4,0.36617956487373454,5,3,4,4,1,0.3344058248343126,0,1,1,0,1
189,1,18,0,0.37335804302542075,1,0,1,0,4,0.34144002131489304,1,2,1,1,0
190,2,24,4,0.37467688727728515,3,0,2,5,3,0.3471863981609548,1,3,0,0,1
191,1,48,0,0.37401250338532327,5,3,4,5,4,0.34181819093076593,0,1,5,0,1
192,1,27,4,0.3740819237046619,1,0,4,5,2,0.34253071065961543,0,1,1,0,1
193,2,6,4,0.37160267037553,1,3,2,4,2,0.3397535150166297,0,1,1,1,0
194,1,45,4,0.3730905559225468,5,0,4,5,4,0.33515393464279974,0,1,1,0,1
195,1,9,2,0.37011598484682307,1,2,2,0,3,0.34181819093076593,1,2,0,0,1
196,2,6,2,0.3697392457022481,1,0,1,0,1,0.33928104052650254,1,2,1,1,0
197,1,12,4,0.3679534474933055,5,1,4,0,4,0.33878461744725724,1,4,1,0,1
198,1,24,4,0.3727162495289634,4,2,4,5,4,0.34253071065961543,1,1,1,1,0
199,1,18,3,0.37443166791122845,1,2,4,1,3,0.3438057220293414,0,1,0,0,1
200,2,9,2,0.36787438139848977,6,2,4,5,2,0.34678036896021164,1,2,1,1,0
201,0,12,4,0.3689523368889624,1,0,4,4,3,0.33878461744725724,0,1,5,1,0
202,2,27,3,0.37507286064499845,1,3,3,5,4,0.3382620256541887,1,2,1,1,0
203,0,12,4,0.36768933877762244,1,3,4,4,4,0.33515393464279974,0,1,1,0,1
204,2,12,2,0.37009785835070175,1,2,4,5,1,0.3431910908111629,1,2,5,1,0
205,0,30,2,0.37756279655223196,1,2,3,5,4,0.3431910908111629,1,3,0,1,0
206,2,12,2,0.37123690354820277,1,2,4,5,4,0.34465330972735314,1,3,1,1,0
207,1,12,2,0.36987650860976895,1,3,4,5,3,0.3382620256541887,0,1,1,1,0
208,0,24,4,0.3759572573556107,1,0,2,4,2,0.33515393464279974,1,1,5,1,0
209,2,12,4,0.3698410326262995,3,3,3,5,2,0.3473819304280704,0,1,1,1,0
210,2,9,2,0.3731463070792127,4,0,1,5,2,0.34144002131489304,1,2,1,1,0
211,2,36,4,0.374003596159404,4,2,2,0,4,0.34517508014159337,0,1,5,1,0
212,0,27,0,0.3751948307163362,1,4,2,5,4,0.346352815412462,1,2,1,0,1
213,3,30,3,0.37117631240898447,1,2,4,5,4,0.34926076249979127,0,1,0,0,1
214,2,36,2,0.37347424499814513,4,2,4,5,2,0.3465694084595632,0,1,1,1,0
215,1,6,2,0.36785303770919503,4,3,1,0,3,0.3435037699753355,1,2,5,1,0
216,0,18,0,0.37318466119796434,1,3,3,5,1,0.3406342426867164,1,1,1,1,0
217,3,36,4,0.37407998849969964,1,0,2,5,2,0.3365101139409041,0,1,1,1,0
218,0,24,4,0.3730774567259604,1,0,2,1,2,0.337127875355354,0,1,5,1,0
219,2,10,4,0.369678878363798,1,0,2,0,4,0.3489515831180964,0,1,1,1,0
220,1,12,4,0.3657725077873227,1,1,4,4,1,0.3382620256541887,1,1,5,1,0
221,0,12,4,0.36908057415782436,4,0,4,0,4,0.3365101139409041,1,1,1,1,0
222,2,12,4,0.36643385305231835,1,0,4,5,2,0.3402040022840905,1,2,1,1,0
223,2,24,3,0.37302054125174866,4,0,4,5,4,0.34104578678506664,1,2,1,1,0
224,2,15,4,0.3747294117147473,1,0,3,5,2,0.3402040022840905,0,1,1,1,0
225,2,36,0,0.3724945529294221,1,0,4,5,2,0.33878461744725724,1,2,1,1,0
226,1,48,4,0.37766322283142834,3,3,1,5,2,0.33878461744725724,1,2,1,0,1
227,0,12,4,0.3765735223133964,1,2,4,5,4,0.34698595244137015,0,1,0,0,1
228,2,9,4,0.3700460230912943,1,3,4,5,2,0.33585362118289175,0,1,1,0,1
229,0,24,4,0.37324138010408714,1,1,4,5,1,0.33585362118289175,1,1,1,1,0
230,3,36,4,0.3743553116148737,1,0,4,5,2,0.3382620256541887,0,1,1,0,1
231,2,9,4,0.37232532403937535,6,2,2,5,4,0.3465694084595632,0,1,5,1,0
232,2,12,4,0.37166838642739175,5,3,3,5,1,0.3421814165124942,0,1,1,1,0
233,1,18,4,0.36748396242258347,1,0,4,4,2,0.33771074028991616,0,1,5,1,0
234,2,4,2,0.37024340358735885,1,3,2,5,1,0.34437993265005556,1,3,5,1,0
235,0,24,4,0.37097868061581646,1,4,4,5,2,0.3402040022840905,1,1,0,0,1
236,1,6,4,0.37855089142549125,4,4,1,5,2,0.3365101139409041,0,1,4,0,1
237,1,21,4,0.3727264562736837,5,2,4,1,2,0.3484628968282321,1,2,5,0,1
238,2,12,2,0.36942386764850277,1,0,4,0,2,0.3421814165124942,1,2,1,1,0
239,0,30,4,0.37234978102405064,1,2,1,5,3,0.3435037699753355,0,1,1,1,0
240,0,24,4,0.36776107299111593,4,2,4,0,2,0.3397535150166297,1,1,1,0,1
241,2,6,4,0.3703891328993902,1,3,3,5,2,0.3465694084595632,0,1,1,1,0
242,0,48,0,0.37468810239313716,1,2,3,5,4,0.337127875355354,1,2,1,0,1
243,2,12,2,0.3690209822213654,1,0,3,0,2,0.33878461744725724,1,2,1,1,0
244,2,12,1,0.37359437521814437,6,0,4,0,3,0.3421814165124942,0,1,5,1,0
245,2,24,4,0.3693028374487475,1,3,4,5,1,0.33771074028991616,0,1,1,1,0
246,2,12,2,0.36650806280377224,1,2,4,5,4,0.34678036896021164,1,3,1,1,0
247,2,6,0,0.3690963140213639,5,0,4,5,1,0.3421814165124942,1,1,1,1,0
248,3,24,4,0.37121458045565653,1,0,2,5,2,0.3382620256541887,0,1,1,1,0
249,2,18,4,0.36369049871606324,1,4,3,0,4,0.33585362118289175,0,1,1,0,1
250,0,6,2,0.3661156239193666,3,3,3,0,4,0.3435037699753355,1,2,5,1,0
251,3,12,4,0.37187904509229003,1,0,1,0,2,0.34542435085076645,0,1,5,1,0
252,1,30,4,0.3716861002871619,1,0,4,0,2,0.337127875355354,1,1,1,0,1
253,2,24,3,0.37430246900641434,5,0,2,5,3,0.3421814165124942,1,2,1,1,0
254,1,9,4,0.3714423552306021,4,3,2,5,1,0.337127875355354,0,1,1,1,0
255,1,60,3,0.37637539661994907,4,0,1,5,1,0.33878461744725724,0,1,5,1,0
256,2,24,2,0.3726034237268541,1,0,4,5,2,0.3421814165124942,1,2,5,1,0
257,0,12,1,0.37168413643530185,1,0,4,1,1,0.3397535150166297,0,1,1,0,1
258,2,15,4,0.37398072122958925,5,1,1,0,4,0.3365101139409041,0,1,1,1,0
259,2,11,2,0.36889489560521954,5,4,4,0,4,0.34775908412850337,1,3,5,1,0
260,0,12,4,0.3705589656644154,1,0,2,5,2,0.33878461744725724,0,1,1,1,0
261,0,24,4,0.370411486377505,1,2,4,0,4,0.3473819304280704,0,1,1,1,0
262,0,18,2,0.3752009400428923,1,2,2,5,4,0.34253071065961543,1,3,0,1,0
263,2,12,2,0.3726986808547603,1,2,2,0,4,0.34775908412850337,1,3,5,1,0
264,2,10,2,0.36920093808270005,1,2,3,5,4,0.34104578678506664,1,2,5,1,0
265,1,15,4,0.36709192707486027,1,2,4,5,3,0.34286699087144074,0,1,1,0,1
266,2,36,2,0.3758144195313313,4,2,4,5,4,0.34253071065961543,1,2,1,1,0
267,2,24,4,0.3702112160734529,1,1,4,0,3,0.3431910908111629,1,1,1,1,0
268,0,14,4,0.37701489169470037,1,2,1,1,4,0.34517508014159337,0,1,0,0,1
269,2,24,4,0.36819665950746644,4,2,4,5,2,0.33771074028991616,1,2,1,1,0
270,2,18,4,0.372570056949397,4,3,4,5,3,0.34104578678506664,0,1,1,1,0
271,2,12,2,0.3698052239305629,6,3,3,0,4,0.34286699087144074,0,1,1,1,0
272,1,48,1,0.37799494171013903,4,4,4,5,4,0.34253071065961543,0,1,0,1,0
273,1,48,4,0.37312825708552744,1,3,4,5,4,0.33928104052650254,1,2,1,0,1
274,0,30,4,0.3779503506913441,1,1,1,1,1,0.34181819093076593,0,1,5,0,1
275,2,9,4,0.3726229887659196,1,0,1,5,2,0.34104578678506664,0,1,1,1,0
276,2,18,2,0.3721525630017633,1,0,2,0,2,0.3382620256541887,1,2,1,1,0
277,0,12,4,0.3693177098629549,4,2,2,1,4,0.3461303165564136,0,1,5,1,0
278,2,6,4,0.3746928966564537,1,1,1,0,4,0.34104578678506664,0,1,1,0,1
279,2,24,4,0.3711604367613749,5,0,4,5,4,0.3397535150166297,0,1,0,1,0
280,2,15,2,0.3735044014480618,3,2,3,5,4,0.3365101139409041,1,2,1,1,0
281,2,12,4,0.37032981131720955,1,0,4,5,2,0.346352815412462,0,1,1,1,0
282,3,18,1,0.3699433320418711,4,3,4,5,4,0.3461303165564136,1,1,5,1,0
283,2,15,2,0.3701728180092678,4,2,4,5,4,0.34879213507952683,0,1,1,1,0
284,1,24,2,0.3740459331645158,5,1,4,1,2,0.34286699087144074,0,1,1,1,0
285,0,47,4,0.37759258927654393,1,1,1,0,1,0.3421814165124942,0,1,5,1,0
286,0,48,4,0.3748311300609636,1,3,4,5,3,0.3382620256541887,0,1,1,1,0
287,1,48,3,0.3764496588370255,5,4,2,5,4,0.3406342426867164,0,1,0,1,0
288,1,12,4,0.36863001782683014,1,0,4,0,4,0.3461303165564136,1,2,1,1,0
289,0,24,3,0.3683178014774898,1,1,4,4,4,0.3459016192610386,1,1,1,0,1
290,2,12,4,0.3685587078824961,1,0,2,4,2,0.3382620256541887,0,1,1,1,0
291,1,36,4,0.37716521574531225,1,1,1,4,4,0.33928104052650254,0,1,0,0,1
292,0,24,2,0.37587748073436905,1,2,2,0,4,0.34491820695950814,1,2,0,1,0
293,3,42,2,0.3748372360723703,1,2,4,5,4,0.34757275979397356,0,1,1,1,0
294,2,48,2,0.3764705979076335,4,2,4,1,2,0.34542435085076645,1,2,0,1,0
295,1,48,4,0.3773546290807725,1,1,1,0,2,0.3382620256541887,0,1,1,0,1
296,2,12,4,0.37474358543830205,4,1,1,0,4,0.3344058248343126,0,1,1,1,0
297,2,10,4,0.3694093964888915,4,2,4,5,2,0.34517508014159337,0,1,5,1,0
298,2,18,4,0.3723383892640443,1,0,3,5,4,0.34465330972735314,0,1,1,1,0
299,1,21,2,0.37269427451177684,3,3,3,5,2,0.34104578678506664,1,2,1,1,0
300,2,6,4,0.3661636668794445,1,4,1,0,4,0.3471863981609548,0,1,4,1,0
301,1,36,0,0.3739727266969247,1,0,4,0,1,0.34437993265005556,0,1,1,0,1
302,3,24,2,0.3696106720794178,4,3,4,5,2,0.34286699087144074,1,2,5,0,1
303,0,10,2,0.3683840904210997,1,3,4,5,3,0.3461303165564136,1,2,1,1,0
304,2,48,2,0.37740854097013565,6,0,2,5,2,0.34491820695950814,1,1,1,0,1
305,2,6,4,0.3702404888061085,3,0,4,1,2,0.34144002131489304,0,1,1,1,0
306,2,30,4,0.374848652788663,4,3,2,0,4,0.337127875355354,1,1,5,1,0
307,0,12,4,0.36658102107899887,5,1,4,4,3,0.34144002131489304,0,1,5,0,1
308,1,8,4,0.36922381318711556,1,0,3,0,4,0.337127875355354,0,1,1,0,1
309,1,9,4,0.3608740457955178,1,0,4,4,4,0.33585362118289175,0,1,5,1,0
310,1,48,4,0.37525405199965806,4,4,3,5,4,0.3438057220293414,1,1,4,1,0
311,2,24,4,0.3753394995248013,5,0,4,5,1,0.33771074028991616,1,1,1,1,0
312,3,24,4,0.3739172239833306,1,1,2,0,4,0.3382620256541887,0,1,1,1,0
313,1,12,4,0.3662659858810237,1,3,2,4,3,0.33771074028991616,1,1,5,0,1
314,3,4,4,0.37009482879867817,4,1,1,5,2,0.3397535150166297,0,1,5,1,0
315,0,36,1,0.3726957439251027,1,2,4,5,4,0.3406342426867164,1,1,1,0,1
316,0,12,4,0.36644133147283137,1,0,2,5,3,0.3431910908111629,0,1,5,1,0
317,1,24,4,0.3744781555303176,4,0,1,0,4,0.3459016192610386,0,1,5,1,0
318,2,12,2,0.36638870988045474,1,0,4,5,2,0.34104578678506664,1,2,1,1,0
319,0,15,3,0.3738075044398733,1,2,1,0,4,0.33878461744725724,1,2,5,1,0
320,1,30,2,0.3743897669347098,1,4,4,4,2,0.33928104052650254,1,2,0,0,1
321,0,24,4,0.371243573698971,1,1,4,1,3,0.34104578678506664,0,1,1,0,1
322,0,24,4,0.3729285258001273,1,3,2,5,1,0.34181819093076593,0,1,0,1,0
323,0,18,4,0.3725654816679947,3,0,4,5,2,0.33928104052650254,0,1,1,1,0
324,2,18,2,0.36833685238107167,1,0,4,0,3,0.34253071065961543,1,2,1,1,0
325,0,8,2,0.37353885852990426,1,3,1,5,4,0.3435037699753355,1,2,5,1,0
326,2,12,2,0.3755219191253829,4,2,2,5,4,0.3461303165564136,0,1,1,1,0
327,2,24,4,0.37018763285116174,3,3,4,0,3,0.34181819093076593,0,1,1,1,0
328,3,36,4,0.3745807388966909,1,2,4,5,2,0.3406342426867164,0,1,1,1,0
329,1,6,4,0.36852257136395933,1,2,4,5,4,0.33928104052650254,0,1,1,1,0
330,0,24,2,0.3759819856261383,1,4,2,5,4,0.35051250494334857,1,2,0,1,0
331,2,18,2,0.3710753495349881,5,0,4,0,2,0.3402040022840905,1,2,1,0,1
332,1,60,4,0.3763708068856594,5,1,4,0,2,0.337127875355354,0,1,0,0,1
333,2,48,2,0.37784092969732425,5,0,2,0,4,0.337127875355354,1,2,5,0,1
334,0,24,0,0.37426522629896186,1,2,3,5,4,0.3365101139409041,1,2,1,0,1
335,0,6,2,0.3735228233237554,1,0,1,1,4,0.34491820695950814,0,1,0,0,1
336,1,13,4,0.37158857336722695,1,1,2,0,4,0.3365101139409041,0,1,5,1,0
337,0,15,4,0.3693656566119052,4,0,4,0,2,0.337127875355354,0,1,1,0,1
338,0,24,4,0.37431868339231555,1,0,4,5,4,0.33928104052650254,0,1,1,1,0
339,1,10,4,0.37017578564025394,1,0,4,1,2,0.3406342426867164,0,1,5,1,0
340,1,24,2,0.3754862986491787,1,1,2,0,4,0.337127875355354,1,2,1,1,0
341,0,21,4,0.37376085270704573,1,3,1,0,4,0.3382620256541887,0,1,5,1,0
342,1,18,4,0.37332042163265644,6,1,1,4,3,0.33771074028991616,0,1,1,1,0
343,1,18,4,0.3745524827007172,1,2,1,5,1,0.34144002131489304,1,1,0,1,0
344,3,10,4,0.3741146456726029,1,1,1,5,1,0.34286699087144074,0,1,5,1,0
345,2,15,2,0.3699872376797072,1,0,4,0,2,0.34465330972735314,0,1,5,1,0
346,1,13,2,0.3675764952346499,1,1,4,5,4,0.3365101139409041,1,2,1,1,0
347,1,24,4,0.37392637147821006,6,4,1,0,4,0.3365101139409041,0,1,4,1,0
348,2,6,3,0.3707823688567813,5,0,1,5,2,0.34181819093076593,1,2,5,1,0
349,1,9,2,0.3688197965276615,3,2,4,5,3,0.34104578678506664,1,2,1,0,1
350,2,9,4,0.36922000994934145,1,1,1,0,4,0.3365101139409041,0,1,1,1,0
351,1,9,4,0.3679950012912707,1,0,1,0,2,0.3397535150166297,0,1,1,0,1
352,2,18,2,0.37333989228174286,4,4,2,5,4,0.3431910908111629,0,1,0,1,0
353,0,12,0,0.3757556606008945,1,0,4,5,2,0.33928104052650254,1,2,1,0,1
354,2,10,4,0.36658102107899887,6,2,4,5,4,0.34542435085076645,0,1,1,1,0
355,1,24,4,0.3692578767886912,1,1,4,5,2,0.3365101139409041,1,1,5,0,1
356,2,12,2,0.3720247188716501,4,2,1,5,4,0.3461303165564136,0,1,1,1,0
357,2,36,3,0.3745724544412474,1,0,4,5,2,0.3382620256541887,1,2,0,0,1
358,2,12,4,0.36692164823333195,1,0,4,4,2,0.33928104052650254,0,1,1,1,0
359,0,30,4,0.3721560005689707,1,3,4,0,4,0.3365101139409041,0,1,1,0,1
360,1,18,4,0.3692314085805055,4,0,4,5,4,0.3484628968282321,0,1,1,1,0
361,3,12,4,0.3735400009241249,4,2,2,5,3,0.34286699087144074,0,1,0,1,0
362,3,12,3,0.3718716006794313,1,0,2,0,2,0.34253071065961543,1,2,1,1,0
363,2,6,4,0.37083989235682646,1,0,1,4,2,0.33515393464279974,0,1,1,1,0
364,0,18,4,0.3722692406410319,1,4,4,5,1,0.33771074028991616,0,1,4,0,1
365,2,12,4,0.3702375717633913,1,3,2,5,4,0.34253071065961543,0,1,1,1,0
366,2,18,2,0.3740184279368843,1,3,3,5,1,0.33878461744725724,1,2,1,1,0
367,0,18,4,0.373814865198179,1,1,1,0,4,0.33585362118289175,0,1,1,1,0
368,0,36,4,0.3735932515310611,1,2,4,5,2,0.34437993265005556,0,1,1,0,1
369,1,18,4,0.37305110415421816,1,3,2,0,4,0.3438057220293414,0,1,1,1,0
370,2,36,4,0.3731527300167834,4,0,4,5,4,0.34253071065961543,0,1,1,1,0
371,2,18,2,0.37568186334774367,1,2,3,5,4,0.34144002131489304,1,2,1,1,0
372,2,10,2,0.37167823835875613,1,1,1,0,3,0.3365101139409041,1,2,1,1,0
373,2,60,2,0.3783771990412949,4,2,2,5,4,0.34879213507952683,1,1,0,1,0
374,1,60,1,0.3785982444128044,5,2,3,0,4,0.3482928352666628,1,2,0,0,1
375,0,48,1,0.37649535191515265,1,3,2,0,4,0.34286699087144074,0,1,1,0,1
376,2,18,3,0.37200504335399603,1,4,2,4,3,0.34181819093076593,1,2,1,1,0
377,2,7,3,0.3673653356665378,4,2,3,5,4,0.34253071065961543,0,1,1,1,0
378,1,36,4,0.37850053759310187,1,2,4,5,2,0.34775908412850337,0,1,0,0,1
379,2,6,2,0.36260751630673377,5,0,4,0,4,0.34678036896021164,1,2,5,1,0
380,0,20,4,0.3718057834250536,4,3,4,5,4,0.3435037699753355,0,1,1,1,0
381,1,18,4,0.3781960566831978,1,4,3,0,4,0.3431910908111629,0,1,0,0,1
382,2,22,4,0.3693948711811293,4,3,4,0,4,0.33771074028991616,0,1,1,1,0
383,3,12,4,0.3695621985914254,1,1,4,5,1,0.3382620256541887,0,1,1,1,0
384,2,30,3,0.3744099133604251,5,0,2,5,2,0.3382620256541887,1,2,5,1,0
385,2,18,2,0.3718547930785933,1,0,2,0,1,0.33771074028991616,1,2,1,1,0
386,2,18,4,0.36877745241373966,4,1,4,0,2,0.33515393464279974,0,1,1,1,0
387,1,18,2,0.3763551477893585,1,4,4,5,4,0.3438057220293414,1,2,0,1,0
388,1,15,2,0.37201578913819894,6,0,2,5,4,0.33878461744725724,1,1,1,1,0
389,2,9,4,0.3699559283540391,1,3,3,0,2,0.33878461744725724,1,2,1,1,0
390,2,18,4,0.3709715057017137,1,0,2,4,2,0.3402040022840905,0,1,0,1,0
391,1,12,4,0.36811718865990956,3,1,1,0,4,0.33360311577538587,0,1,5,1,0
392,0,36,4,0.3733640713049564,1,3,2,5,4,0.3435037699753355,1,1,0,1,0
393,0,6,2,0.3712855344614599,1,3,1,0,4,0.3406342426867164,0,1,1,1,0
394,2,9,2,0.3721560005689707,1,4,2,5,3,0.3406342426867164,0,1,0,1,0
395,1,39,3,0.37788705345635676,5,3,2,5,3,0.34104578678506664,0,1,1,1,0
396,0,12,4,0.3724395881790649,1,4,3,0,4,0.3473819304280704,0,1,0,1,0
397,0,36,2,0.3720549108748344,1,0,3,4,2,0.34542435085076645,1,2,1,1,0
398,1,12,4,0.3691702284429677,1,2,1,1,1,0.34542435085076645,1,2,1,0,1
399,2,24,2,0.3701609240699671,3,0,4,0,1,0.34465330972735314,1,2,5,1,0
400,2,18,4,0.37003064139074443,1,1,3,4,4,0.3435037699753355,0,1,1,1,0
401,1,18,2,0.37112847552221856,4,0,4,4,4,0.33928104052650254,1,2,1,1,0
402,2,24,3,0.3768909496742802,1,1,2,5,2,0.33878461744725724,1,2,1,0,1
403,2,14,3,0.36709192707486027,1,0,4,5,2,0.33878461744725724,1,2,5,1,0
404,1,18,3,0.3729134024784838,4,2,4,5,4,0.34465330972735314,0,1,1,1,0
405,1,24,4,0.3714612238888475,1,1,1,4,1,0.33585362118289175,0,1,1,0,1
406,2,24,2,0.3717771964287943,4,3,4,5,4,0.34465330972735314,1,2,1,1,0
407,0,15,4,0.36845392638768776,1,1,4,4,2,0.33878461744725724,0,1,1,1,0
408,2,24,4,0.37334716447971966,6,2,3,1,2,0.3382620256541887,0,1,0,1,0
409,3,12,2,0.36789031680724893,6,3,4,4,2,0.33928104052650254,1,3,1,0,1
410,1,24,4,0.37130742473387934,1,2,4,0,4,0.3344058248343126,0,1,1,1,0
411,2,33,2,0.3762987317139749,1,3,3,5,2,0.3421814165124942,1,2,0,1,0
412,2,12,2,0.3719544567133996,1,4,4,5,2,0.34437993265005556,1,2,0,0,1
413,2,10,4,0.3703947338175353,6,0,3,5,2,0.3438057220293414,0,1,5,1,0
414,0,24,4,0.36973591676655126,4,0,4,0,2,0.3421814165124942,0,1,1,0,1
415,2,36,2,0.37554684945993183,1,2,2,5,2,0.3421814165124942,1,2,1,1,0
416,0,12,4,0.37244117083195266,1,1,4,5,1,0.34144002131489304,0,1,5,0,1
417,0,18,3,0.3768221922329961,4,0,1,0,2,0.3365101139409041,1,2,1,1,0
418,2,21,4,0.372748225459473,6,3,1,0,2,0.3406342426867164,1,1,0,1,0
419,1,18,4,0.36840283195547047,4,0,4,0,2,0.34144002131489304,0,1,1,0,1
420,2,15,4,0.3732873043498265,3,3,2,0,3,0.3344058248343126,0,1,1,1,0
421,1,12,4,0.3714381486801078,4,0,4,5,2,0.3402040022840905,0,1,1,1,0
422,1,12,2,0.36798983005411945,1,3,2,5,3,0.3456664097071358,1,2,5,1,0
423,2,21,3,0.37037790582603813,5,3,4,5,3,0.34181819093076593,1,2,0,1,0
424,1,12,4,0.37271916886155865,4,2,1,0,2,0.33771074028991616,1,1,1,0,1
425,1,18,4,0.37274388273822345,1,0,1,4,3,0.33515393464279974,0,1,1,1,0
426,2,28,2,0.3726913337855933,1,2,4,5,2,0.3397535150166297,1,2,1,1,0
427,2,18,2,0.3688741770841867,3,0,4,5,3,0.34542435085076645,1,2,1,1,0
428,2,9,4,0.3695025075926645,1,2,1,5,4,0.3344058248343126,0,1,1,1,0
429,0,18,2,0.3690409466212559,1,4,2,0,4,0.3473819304280704,1,3,4,0,1
430,2,5,4,0.3735954985215748,1,3,1,5,4,0.3503834811372257,0,1,5,1,0
431,1,24,4,0.3777682944577118,1,0,2,5,3,0.3397535150166297,1,2,0,0,1
432,0,6,2,0.37109391631219096,1,4,4,5,4,0.34253071065961543,1,3,0,1,0
433,2,24,2,0.37150073441688397,1,0,4,1,2,0.34144002131489304,1,2,1,1,0
434,0,9,4,0.37165850711925325,1,0,3,5,2,0.33771074028991616,0,1,1,1,0
435,1,12,4,0.37006439906243144,4,0,2,4,1,0.33771074028991616,0,1,1,0,1
436,2,6,4,0.36606704919461486,6,3,2,4,4,0.3365101139409041,0,1,5,1,0
437,2,24,2,0.3694093964888915,3,2,4,0,4,0.34286699087144074,1,2,1,1,0
438,0,42,2,0.37353428499138935,1,4,4,5,4,0.34910775274979705,1,2,4,1,0
439,3,12,1,0.3656310565948529,1,1,4,0,1,0.3382620256541887,0,1,4,0,1
440,2,12,4,0.37112158992474353,1,2,4,5,4,0.3435037699753355,0,1,0,1,0
441,0,12,4,0.3704585477654412,1,0,2,0,3,0.3402040022840905,0,1,1,1,0
442,1,20,3,0.3725193902306325,1,0,2,5,3,0.3397535150166297,1,2,1,1,0
443,2,12,4,0.3665227533251736,1,2,4,5,4,0.34409758202147595,1,1,5,0,1
444,1,48,2,0.37505798060803686,1,0,2,0,3,0.3402040022840905,0,1,0,0,1
445,2,9,2,0.3692503327268963,4,2,4,0,4,0.34409758202147595,1,2,5,1,0
446,0,36,4,0.37102379723622947,1,1,4,0,4,0.34181819093076593,0,1,1,0,1
447,1,7,4,0.37243642069204924,1,0,2,5,2,0.3421814165124942,0,1,1,1,0
448,3,12,4,0.36987650860976895,4,2,3,0,4,0.3473819304280704,0,1,0,1,0
449,1,15,3,0.3701489925012473,3,0,3,4,3,0.3484628968282321,1,2,1,0,1
450,2,36,2,0.3776902286682581,4,0,4,5,2,0.3402040022840905,0,1,0,1,0
451,2,6,4,0.3647292842243248,1,0,3,0,1,0.3397535150166297,0,1,1,1,0
452,2,12,0,0.3727147889247289,1,2,2,5,4,0.34181819093076593,1,2,1,1,0
453,2,24,4,0.37258222793986484,1,2,4,5,4,0.3421814165124942,0,1,0,1,0
454,0,24,4,0.37485320781953557,1,3,2,5,3,0.3406342426867164,0,1,1,0,1
455,2,24,4,0.3725958688463845,1,1,4,0,1,0.3397535150166297,0,1,0,1,0
456,0,11,2,0.37407223604792433,1,0,2,5,2,0.34253071065961543,1,2,1,1,0
457,0,12,4,0.3735251188451115,1,2,3,5,4,0.3421814165124942,0,1,1,0,1
458,0,6,4,0.36227219079238326,1,1,4,0,1,0.33878461744725724,0,1,1,1,0
459,2,18,4,0.3746792938845603,1,1,3,5,2,0.34104578678506664,0,1,1,1,0
460,0,36,4,0.3737832014836257,1,0,1,5,2,0.34286699087144074,0,1,1,1,0
461,0,15,4,0.37072649230620214,1,1,2,5,3,0.34253071065961543,0,1,1,1,0
462,1,12,4,0.3730722027132725,1,1,3,0,1,0.34181819093076593,0,1,0,1,0
463,1,12,4,0.36677205173265504,4,2,4,5,4,0.3431910908111629,1,2,1,1,0
464,2,18,4,0.37127013188626246,1,3,4,5,1,0.34181819093076593,1,2,1,1,0
465,0,24,4,0.3729476763172775,1,0,3,5,4,0.34879213507952683,1,1,1,1,0
466,0,24,3,0.37056431716228383,1,1,4,0,2,0.3397535150166297,0,1,5,0,1
467,2,48,3,0.3762916618663318,4,2,3,5,3,0.34104578678506664,1,2,1,1,0
468,2,33,3,0.372722085696311,1,0,2,0,2,0.3382620256541887,1,2,1,1,0
469,2,24,3,0.3747467264799932,1,3,3,5,3,0.3421814165124942,1,2,5,1,0
470,1,24,4,0.373169372237458,5,1,3,4,2,0.33585362118289175,0,1,1,0,1
471,0,6,4,0.3638912427788875,1,1,4,0,4,0.3365101139409041,0,1,1,0,1
472,0,9,4,0.366017931769569,1,0,4,5,3,0.33928104052650254,0,1,5,0,1
473,2,6,4,0.36922761272862215,4,4,4,5,4,0.34253071065961543,0,1,0,1,0
474,1,18,2,0.3692541065795933,1,0,4,4,2,0.34144002131489304,0,1,1,0,1
475,0,18,0,0.3731973488416918,1,1,1,0,4,0.3382620256541887,0,1,1,0,1
476,2,39,4,0.3724253115190276,6,0,4,5,4,0.337127875355354,0,1,1,1,0
477,3,24,4,0.3750975027969788,1,3,4,5,2,0.33771074028991616,1,1,1,1,0
478,1,12,4,0.3683793914045702,5,3,3,5,4,0.3435037699753355,0,1,5,1,0
479,0,15,2,0.3700460230912943,1,2,4,5,4,0.34491820695950814,1,2,1,1,0
480,1,12,2,0.373732969346069,1,0,1,0,1,0.3365101139409041,0,1,5,1,0
481,1,24,4,0.3690845150377186,1,1,4,5,1,0.3382620256541887,0,1,1,1,0
482,0,30,4,0.373785321983335,3,2,4,0,4,0.34775908412850337,1,2,1,1,0
483,2,15,3,0.3680001660064539,3,3,3,0,2,0.3402040022840905,1,2,1,1,0
484,2,12,2,0.36893191780658324,6,0,4,5,4,0.34491820695950814,0,1,1,1,0
485,1,6,3,0.3691159005769679,1,4,4,5,4,0.3456664097071358,0,1,0,0,1
486,2,12,4,0.3731501623192448,1,0,2,5,4,0.34678036896021164,0,1,1,1,0
487,2,24,4,0.37392535636194674,1,2,4,0,4,0.3486292836319043,0,1,1,1,0
488,2,10,4,0.369857198973724,5,0,3,5,2,0.3421814165124942,0,1,5,1,0
489,2,6,4,0.3736731907242534,1,0,2,5,3,0.3382620256541887,0,1,1,1,0
490,2,12,2,0.37123467742768007,1,2,2,5,2,0.3382620256541887,1,2,1,1,0
491,1,27,0,0.37676140226981575,1,2,2,0,4,0.34437993265005556,1,2,0,0,1
492,2,6,2,0.36922381318711556,5,0,1,0,1,0.33878461744725724,1,2,1,1,0
493,1,6,4,0.36270888404215584,4,2,4,5,4,0.3431910908111629,0,1,1,1,0
494,0,12,2,0.37163069820115446,1,0,3,5,2,0.3435037699753355,1,2,5,1,0
495,0,24,4,0.3730444836160343,4,0,2,4,4,0.3344058248343126,0,1,1,0,1
496,1,36,4,0.3770354002050089,5,1,4,5,1,0.3397535150166297,0,1,0,0,1
497,2,24,2,0.37036100177058084,1,3,4,5,3,0.3438057220293414,1,2,1,1,0
498,1,18,4,0.36945981108531256,1,2,4,4,2,0.34104578678506664,0,1,5,1,0
499,3,6,2,0.3695377315327297,5,2,2,1,4,0.33928104052650254,1,2,1,1,0
500,0,24,4,0.37320872670475197,1,1,4,0,1,0.33878461744725724,0,1,1,0,1
501,0,36,4,0.37532780947838024,1,2,2,5,4,0.34437993265005556,0,1,1,1,0
502,3,9,4,0.36877745241373966,5,2,2,1,4,0.3461303165564136,0,1,1,1,0
503,1,24,2,0.36914315858963825,5,1,4,5,4,0.3431910908111629,1,2,1,0,1
504,0,24,4,0.36910807767387,1,1,4,0,4,0.337127875355354,0,1,1,0,1
505,2,10,4,0.3694883276865781,4,0,4,5,4,0.33878461744725724,0,1,5,0,1
506,3,15,2,0.3720760672121651,6,0,2,5,2,0.34253071065961543,0,1,1,1,0
507,1,15,1,0.3761026340985301,5,4,1,5,2,0.34181819093076593,0,1,0,0,1
508,2,24,4,0.3698410326262995,1,0,4,4,2,0.33928104052650254,0,1,1,1,0
509,2,39,4,0.37686782623466614,5,2,4,5,2,0.34517508014159337,0,1,0,1,0
510,0,12,4,0.3668065135251521,1,3,4,5,2,0.3382620256541887,0,1,1,0,1
511,2,36,4,0.3747522157469162,1,0,2,5,2,0.34104578678506664,0,1,0,1,0
512,3,15,4,0.3726079486692556,1,3,2,5,4,0.3382620256541887,0,1,1,1,0
513,1,12,3,0.3654101161297093,1,0,4,4,4,0.3344058248343126,1,2,1,1,0
514,2,24,4,0.37188647381921774,4,1,4,5,1,0.3471863981609548,0,1,1,1,0
515,0,6,2,0.3656310565948529,1,3,4,0,3,0.34286699087144074,1,2,1,1,0
516,0,6,2,0.36966872421622377,1,1,2,5,4,0.3438057220293414,0,1,5,1,0
517,2,36,2,0.37623881005835064,1,1,2,0,4,0.3365101139409041,1,2,1,0,1
518,0,6,4,0.3690923849621871,5,2,3,5,2,0.34465330972735314,0,1,1,1,0
519,2,6,2,0.36638114018861095,4,2,4,5,4,0.34253071065961543,1,2,1,1,0
520,2,24,2,0.3753369055920921,1,2,3,5,4,0.34491820695950814,1,2,1,1,0
521,0,18,4,0.3732922314461592,1,0,2,0,2,0.337127875355354,0,1,1,0,1
522,0,48,0,0.3762349640106125,1,0,3,5,4,0.34698595244137015,1,2,1,0,1
523,2,24,4,0.37364011884281945,5,3,3,0,4,0.3365101139409041,0,1,1,1,0
524,1,18,4,0.3687217223122051,1,0,4,0,4,0.3382620256541887,0,1,5,1,0
525,1,26,4,0.37661648069146514,1,1,2,5,3,0.3402040022840905,1,2,1,1,0
526,2,15,2,0.3702082762358628,5,0,4,0,3,0.3406342426867164,0,1,1,1,0
527,2,4,2,0.3701220077395661,1,3,2,5,1,0.34437993265005556,1,2,5,1,0
528,0,36,4,0.3719726071343657,1,0,4,1,4,0.3406342426867164,0,1,1,0,1
529,0,6,4,0.3660833005228731,1,1,3,5,4,0.34409758202147595,0,1,5,1,0
530,1,36,4,0.37191971061402285,1,3,3,5,1,0.34104578678506664,1,2,1,1,0
531,1,15,4,0.3725224823130716,5,0,2,0,4,0.33928104052650254,1,2,1,0,1
532,2,12,3,0.3701220077395661,1,0,4,4,4,0.34409758202147595,0,1,1,1,0
533,2,24,4,0.3694954241355319,5,3,4,4,3,0.3382620256541887,0,1,1,1,0
534,2,24,4,0.37318593213025586,4,1,4,5,2,0.33771074028991616,1,2,1,1,0
535,3,21,2,0.372003249184961,1,1,2,1,1,0.34144002131489304,0,1,1,0,1
536,0,6,4,0.36971253294554673,4,4,4,0,3,0.35051250494334857,0,1,0,1,0
537,1,18,2,0.3737747056860766,1,2,3,0,4,0.34286699087144074,0,1,1,1,0
538,0,48,4,0.37652948394100816,1,2,4,5,4,0.34437993265005556,1,1,0,0,1
539,3,18,4,0.3731140064642165,1,1,1,0,1,0.34517508014159337,1,1,5,1,0
540,1,12,4,0.3702141536167082,1,1,1,4,1,0.3365101139409041,0,1,1,0,1
541,2,24,3,0.37144655685395617,1,2,4,5,4,0.3482928352666628,1,2,1,1,0
542,0,30,4,0.3758398035174806,4,2,4,5,4,0.3406342426867164,0,1,1,0,1
543,3,18,4,0.3728648281649147,1,0,2,5,1,0.34181819093076593,0,1,5,0,1
544,2,12,2,0.3692916457766587,1,2,4,5,4,0.3484628968282321,1,2,5,1,0
545,0,24,3,0.36957263718316496,1,4,4,5,2,0.34465330972735314,1,2,1,0,1
546,2,24,2,0.3714254993581282,1,0,4,0,4,0.34286699087144074,0,1,1,1,0
547,2,24,4,0.37026664081301647,1,3,3,5,1,0.34104578678506664,1,1,1,1,0
548,0,12,1,0.36578120097441974,1,0,4,0,4,0.337127875355354,1,1,5,0,1
549,2,48,2,0.3769704416276734,4,3,2,5,1,0.3421814165124942,1,2,1,1,0
550,2,12,2,0.3681818764696288,4,3,4,0,4,0.3365101139409041,1,2,1,1,0
551,2,6,1,0.3707999714480472,6,2,2,5,4,0.34517508014159337,1,1,5,1,0
552,0,48,4,0.37617666310072473,1,3,1,4,1,0.34181819093076593,1,2,1,0,1
553,1,12,2,0.3713680195521112,5,1,4,5,1,0.33878461744725724,0,1,1,1,0
554,1,9,4,0.36907662932305485,1,3,4,0,4,0.34941072484585367,1,2,0,1,0
555,1,12,4,0.36956568126065653,1,1,2,5,1,0.33585362118289175,1,1,1,0,1
556,1,18,0,0.37192888764937515,5,1,3,0,3,0.33928104052650254,1,2,1,0,1
557,2,21,0,0.3749912106903975,4,0,1,0,4,0.3397535150166297,1,2,1,0,1
558,0,24,1,0.3737102733618003,1,3,3,5,4,0.33878461744725724,1,1,1,0,1
559,1,18,2,0.37122129185692143,1,1,2,5,2,0.3406342426867164,1,2,5,0,1
560,0,24,4,0.373001801009466,4,2,4,5,4,0.3461303165564136,1,1,1,1,0
561,0,24,1,0.37024922637844854,1,3,4,5,4,0.337127875355354,1,1,5,0,1
562,3,6,3,0.3662503995564232,1,1,2,0,1,0.3397535150166297,1,1,1,1,0
563,1,36,4,0.3780512593329025,4,0,1,5,4,0.34286699087144074,0,1,1,0,1
564,1,24,3,0.3747725207396745,4,0,4,5,2,0.34286699087144074,1,2,0,1,0
565,1,24,3,0.3702695353864598,5,3,3,0,2,0.3365101139409041,1,2,1,1,0
566,0,12,4,0.369705825590034,1,3,2,1,3,0.34253071065961543,0,1,1,0,1
567,2,24,2,0.3724395881790649,3,2,2,5,2,0.34181819093076593,0,1,1,1,0
568,1,48,4,0.374143244474375,4,3,4,5,1,0.34409758202147595,1,2,1,1,0
569,0,48,4,0.37605598348749575,1,0,3,0,2,0.3406342426867164,0,1,1,0,1
570,0,24,4,0.37334595355111777,1,1,4,0,4,0.3365101139409041,0,1,5,0,1
571,2,30,2,0.37561392518023073,1,3,3,5,2,0.3431910908111629,0,1,1,1,0
572,2,24,4,0.375288517270045,4,4,2,0,4,0.3382620256541887,0,1,0,1,0
573,0,15,4,0.3671175276143724,1,0,4,0,4,0.33585362118289175,0,1,5,1,0
574,1,9,4,0.36858559814594805,1,2,4,5,4,0.33878461744725724,1,2,5,1,0
575,2,15,2,0.3727568943203598,1,3,2,0,3,0.337127875355354,1,2,1,1,0
576,1,12,4,0.3729558505650756,1,3,2,0,1,0.33878461744725724,0,1,1,1,0
577,2,24,2,0.37121905610581407,4,0,3,0,2,0.34144002131489304,1,2,1,1,0
578,1,36,2,0.3728027588461157,1,1,4,1,4,0.33878461744725724,1,2,1,0,1
579,2,24,4,0.3678797000652501,1,1,4,4,3,0.33878461744725724,1,2,5,1,0
580,1,18,2,0.3684677494532187,1,2,3,5,3,0.3402040022840905,1,2,1,0,1
581,1,12,2,0.3732099885244062,1,1,1,5,3,0.3461303165564136,1,2,5,1,0
582,2,9,4,0.36975915881916893,1,0,4,0,2,0.3382620256541887,0,1,1,1,0
583,1,36,4,0.3721179997472604,1,1,4,5,1,0.34144002131489304,0,1,5,0,1
584,2,12,4,0.3716525663345863,4,2,4,0,4,0.34678036896021164,0,1,0,1,0
585,0,18,4,0.3714612238888475,1,0,1,0,4,0.3344058248343126,1,1,1,0,1
586,0,9,2,0.3727727301119255,1,0,2,5,2,0.34253071065961543,1,2,1,1,0
587,0,12,4,0.3694166388138416,1,0,4,5,1,0.33515393464279974,0,1,5,1,0
588,0,18,4,0.3691470371752794,1,0,4,4,3,0.3456664097071358,0,1,5,0,1
589,0,12,2,0.3718697371180661,1,2,3,5,3,0.3482928352666628,1,2,1,0,1
590,0,12,2,0.3629852873302435,1,3,4,0,3,0.3479410895948148,1,4,5,1,0
591,1,24,3,0.37130305729283125,4,0,4,0,4,0.34437993265005556,1,2,1,1,0
592,2,21,4,0.3703241123142048,3,2,4,0,4,0.34253071065961543,1,1,5,1,0
593,1,24,4,0.37265435939823105,1,0,3,0,4,0.3344058248343126,0,1,5,0,1
594,0,24,1,0.3696585431716345,4,2,4,5,3,0.3438057220293414,1,1,0,0,1
595,1,6,1,0.36784768444848176,5,1,1,0,1,0.34104578678506664,1,1,5,0,1
596,0,24,4,0.3699338573522447,1,3,4,0,4,0.3365101139409041,1,2,1,0,1
597,1,24,0,0.3743827294904594,1,0,1,5,4,0.34253071065961543,1,3,5,0,1
598,2,18,2,0.3727380838158084,1,3,2,5,2,0.3406342426867164,1,2,1,0,1
599,2,24,3,0.37403122734138416,1,0,1,5,2,0.34104578678506664,0,1,1,1,0
600,1,7,4,0.3720211497072214,1,1,1,0,1,0.34517508014159337,0,1,1,1,0
601,1,9,4,0.3677774517453371,1,0,4,0,1,0.3402040022840905,0,1,1,0,1
602,1,24,1,0.3710119784124147,1,3,4,0,4,0.34181819093076593,1,1,5,0,1
603,2,36,4,0.37348239115275544,1,0,4,0,2,0.33928104052650254,0,1,0,0,1
604,3,10,4,0.3693656566119052,1,1,4,0,2,0.3365101139409041,0,1,1,1,0
605,0,24,1,0.3728141289301852,6,0,4,5,4,0.33585362118289175,1,1,1,1,0
606,2,24,2,0.37462428726303176,1,0,3,5,2,0.3503834811372257,0,1,0,1,0
607,1,36,4,0.37258374628008933,5,0,4,0,4,0.346352815412462,0,1,1,0,1
608,2,18,4,0.3714862285694331,1,1,4,5,1,0.34144002131489304,0,1,1,1,0
609,2,15,4,0.3694562317023047,4,2,4,5,4,0.34517508014159337,1,1,1,1,0
610,0,12,4,0.36668113285047493,5,4,4,0,3,0.33585362118289175,0,1,1,0,1
611,3,10,4,0.36923520074939203,5,2,1,0,4,0.3459016192610386,0,1,5,0,1
612,0,21,4,0.37349167652452486,3,1,4,0,2,0.3397535150166297,1,1,1,1,0
613,0,24,1,0.373795903867256,1,0,1,0,4,0.33585362118289175,1,1,1,1,0
614,2,18,3,0.370942664372508,1,3,4,0,1,0.33585362118289175,0,1,1,0,1
615,1,48,0,0.37800397947451236,4,0,2,5,2,0.3459016192610386,1,1,0,1,0
616,1,60,3,0.3770799335168506,4,0,2,5,2,0.33878461744725724,0,1,0,1,0
617,0,6,2,0.3738420605482443,1,0,1,5,3,0.34286699087144074,1,3,1,1,0
618,1,30,4,0.37358762733228845,5,0,2,0,4,0.33515393464279974,0,1,1,0,1
619,2,12,4,0.36590115001914264,1,0,4,1,2,0.3461303165564136,0,1,5,1,0
620,1,21,2,0.3738169652236383,1,3,2,5,3,0.33878461744725724,1,2,1,1,0
621,2,18,2,0.37020238966437025,1,0,3,5,2,0.34104578678506664,1,2,1,0,1
622,2,48,4,0.3740809562473354,4,0,4,1,2,0.3431910908111629,1,1,1,0,1
623,0,12,4,0.3710613620215664,1,1,4,0,1,0.33585362118289175,0,1,1,1,0
624,0,18,4,0.372474239727906,1,0,4,5,4,0.34910775274979705,1,2,1,0,1
625,2,15,4,0.37133351885384386,4,2,4,5,2,0.3421814165124942,0,1,1,1,0
626,3,6,4,0.37161871326737217,1,0,2,5,2,0.34409758202147595,0,1,1,1,0
627,1,9,1,0.36991801358368703,5,3,2,5,3,0.3397535150166297,0,1,1,0,1
628,2,42,2,0.3742024865413641,6,0,4,5,4,0.34253071065961543,1,2,1,1,0
629,2,9,4,0.37400062162580877,4,2,1,5,4,0.3489515831180964,0,1,5,1,0
630,0,24,4,0.3738253518233471,1,0,2,0,4,0.33928104052650254,0,1,1,1,0
631,0,18,1,0.3702695353864598,1,0,4,5,3,0.34491820695950814,1,1,1,0,1
632,1,15,4,0.3699401764335079,4,1,4,5,1,0.3365101139409041,0,1,1,1,0
633,2,9,4,0.3713356848590183,1,1,2,0,2,0.33360311577538587,1,2,1,0,1
634,1,24,4,0.36964833509774925,1,1,3,0,4,0.33771074028991616,0,1,5,0,1
635,2,12,4,0.36977567436694286,1,2,4,5,4,0.3456664097071358,1,3,1,1,0
636,2,24,4,0.3697192285968314,6,3,4,0,1,0.33928104052650254,0,1,1,1,0
637,2,60,3,0.3787724789535972,1,3,2,5,4,0.33515393464279974,1,2,1,1,0
638,2,12,4,0.3700917968172529,1,1,4,0,3,0.34181819093076593,0,1,1,1,0
639,0,42,3,0.37449435168309403,1,3,3,5,2,0.3382620256541887,1,2,1,0,1
640,0,18,4,0.36674428131539893,1,4,4,0,1,0.33878461744725724,0,1,4,0,1
641,1,15,4,0.3694847745763652,1,2,4,5,4,0.3431910908111629,1,2,5,1,0
642,2,15,4,0.3747024633073834,5,0,3,5,2,0.3438057220293414,0,1,0,0,1
643,2,24,2,0.37104497505757145,1,3,4,4,2,0.34144002131489304,1,2,1,1,0
644,0,18,2,0.3711123887797649,1,3,4,4,1,0.34104578678506664,1,2,0,1,0
645,2,36,3,0.37662238542171833,4,1,4,5,4,0.33878461744725724,1,2,1,0,1
646,0,30,0,0.37467046064467846,1,0,2,1,2,0.34104578678506664,1,2,1,1,0
647,2,12,4,0.3697525326060075,6,0,2,0,2,0.3382620256541887,0,1,1,0,1
648,3,24,4,0.3679325116032177,1,3,4,5,3,0.3431910908111629,1,1,1,0,1
649,0,12,4,0.36625819967414963,1,0,4,5,4,0.3438057220293414,0,1,5,0,1
650,0,48,4,0.376401876128758,1,3,4,5,1,0.346352815412462,0,1,0,1,0
651,1,12,4,0.3712078565867041,1,0,4,5,2,0.34286699087144074,0,1,5,0,1
652,0,24,4,0.37197441702978146,1,2,4,5,1,0.34517508014159337,0,1,1,0,1
653,1,36,3,0.3766667062972542,5,2,2,5,4,0.34437993265005556,1,4,0,0,1
654,2,24,2,0.37205137235274605,1,3,4,5,3,0.3421814165124942,1,2,1,1,0
655,0,14,4,0.37413754500909924,1,4,1,5,4,0.33585362118289175,0,1,1,1,0
656,1,12,4,0.36761067149313714,1,2,4,5,4,0.34409758202147595,1,1,5,0,1
657,2,48,4,0.37743875282446043,4,3,4,5,3,0.34286699087144074,1,1,1,1,0
658,1,30,0,0.3743650675598045,1,0,2,0,1,0.33928104052650254,1,2,1,1,0
659,1,18,2,0.37584584188322634,1,2,2,5,1,0.34409758202147595,0,1,1,1,0
660,3,12,4,0.369445473674147,1,0,3,4,4,0.3365101139409041,0,1,1,1,0
661,0,12,4,0.367678191555321,4,0,4,4,2,0.3365101139409041,0,1,1,0,1
662,2,21,4,0.3718604045139319,1,2,4,5,2,0.346352815412462,1,2,1,1,0
663,1,6,3,0.36844005568815,1,4,4,5,1,0.3421814165124942,1,2,0,1,0
664,3,6,2,0.3684261370503024,1,0,2,0,4,0.346352815412462,0,1,5,1,0
665,2,24,2,0.3758199560989018,1,4,4,5,2,0.33878461744725724,1,2,0,1,0
666,1,30,1,0.3736489706469857,3,0,4,5,2,0.34181819093076593,1,1,1,1,0
667,2,48,1,0.37377151405503545,1,0,1,0,1,0.33878461744725724,1,1,1,1,0
668,0,12,2,0.3748728698678175,1,2,3,5,4,0.34465330972735314,1,2,1,0,1
669,3,30,2,0.3730722027132725,1,2,4,5,4,0.3456664097071358,0,1,1,1,0
670,2,24,2,0.37429161352604207,5,0,3,5,3,0.33878461744725724,1,2,5,1,0
671,2,36,4,0.37548568082821443,5,3,2,5,2,0.3406342426867164,1,2,1,1,0
672,2,60,4,0.37748393429177585,1,2,2,5,4,0.34437993265005556,0,1,0,1,0
673,2,6,2,0.3715459450311691,6,0,1,4,2,0.337127875355354,0,1,1,1,0
674,2,21,3,0.37244275275858857,6,1,4,5,2,0.34409758202147595,1,1,5,0,1
675,2,30,2,0.3746275496666242,1,3,4,0,4,0.3382620256541887,0,1,0,1,0
676,2,24,2,0.37509609995070153,1,2,4,5,4,0.34144002131489304,0,1,1,1,0
677,1,72,4,0.3753934699784308,5,0,2,4,2,0.337127875355354,0,1,1,0,1
678,0,24,4,0.3721179997472604,1,2,4,5,4,0.3489515831180964,1,1,5,1,0
679,2,18,4,0.3699684830640004,1,1,3,0,1,0.3382620256541887,0,1,1,1,0
680,2,6,4,0.37022588091263486,1,1,1,0,2,0.34757275979397356,0,1,1,1,0
681,2,12,4,0.37193072018803186,4,0,4,5,4,0.34286699087144074,0,1,1,1,0
682,2,15,3,0.3700460230912943,1,0,4,4,3,0.34144002131489304,1,2,1,1,0
683,2,24,2,0.37506294857104133,1,1,3,4,3,0.3456664097071358,1,3,1,1,0
684,1,36,3,0.3773208542829434,5,3,1,5,3,0.3406342426867164,1,2,5,1,0
685,2,60,4,0.375935517109056,4,0,4,5,4,0.34181819093076593,0,1,1,1,0
686,3,10,2,0.3696209804079073,4,3,4,5,2,0.33878461744725724,1,2,1,1,0
687,1,36,3,0.37286203133614765,5,2,4,5,3,0.3402040022840905,0,1,1,1,0
688,2,9,4,0.3727060121367195,5,2,3,5,4,0.3421814165124942,0,1,1,1,0
689,0,12,4,0.37381591537998954,3,0,1,5,3,0.3406342426867164,0,1,1,1,0
690,0,15,2,0.3680768642969536,1,0,2,1,3,0.33771074028991616,1,2,1,1,0
691,1,15,4,0.3725224823130716,5,0,3,0,2,0.33771074028991616,0,1,5,1,0
692,1,24,4,0.37290926617184994,5,1,2,5,1,0.3397535150166297,0,1,1,1,0
693,0,6,2,0.374775632943674,4,1,1,5,3,0.34491820695950814,1,2,5,1,0
694,2,24,4,0.3719398685900995,1,3,4,5,2,0.33928104052650254,0,1,1,1,0
695,2,6,4,0.36922000994934145,6,0,2,5,4,0.346352815412462,0,1,1,1,0
696,1,12,4,0.36867831617385616,1,3,4,5,3,0.3397535150166297,1,2,1,1,0
697,2,12,2,0.3678208132783213,1,4,1,0,2,0.3431910908111629,0,1,4,1,0
698,2,18,2,0.37092330970294446,1,0,4,5,2,0.337127875355354,1,2,1,1,0
699,3,15,4,0.3711695170693916,1,2,4,5,4,0.3438057220293414,0,1,0,1,0
700,2,12,4,0.3687646607139461,6,0,4,0,4,0.3397535150166297,0,1,5,0,1
701,0,48,2,0.375829344867939,1,2,4,5,4,0.34542435085076645,1,2,1,0,1
702,3,24,4,0.3697225720452018,5,2,4,0,2,0.3456664097071358,0,1,1,1,0
703,1,30,3,0.3723187728961929,5,2,4,5,2,0.34409758202147595,1,2,1,1,0
704,1,27,4,0.37235951562700764,1,1,4,0,1,0.34104578678506664,0,1,1,1,0
705,2,15,4,0.37521582310000123,6,2,1,0,4,0.3421814165124942,0,1,1,1,0
706,1,48,4,0.3759530277810089,5,3,3,5,2,0.337127875355354,0,1,1,0,1
707,1,12,0,0.3730085059255887,1,1,4,0,3,0.33771074028991616,1,2,1,0,1
708,1,9,4,0.3691041603699626,1,2,4,0,4,0.33771074028991616,0,1,1,1,0
709,1,9,4,0.37162271272823394,1,0,2,5,2,0.34286699087144074,0,1,5,1,0
710,2,18,2,0.36580717890112996,6,2,4,5,3,0.34104578678506664,1,2,0,1,0
711,0,6,1,0.3690726805260595,1,2,4,0,4,0.3421814165124942,0,1,1,0,1
712,2,21,4,0.37227422581741865,4,2,4,5,4,0.34542435085076645,0,1,0,1,0
713,0,9,2,0.368828211444214,1,0,4,5,4,0.33771074028991616,1,2,5,1,0
714,1,60,4,0.3784373833108434,1,3,4,5,2,0.33878461744725724,0,1,0,0,1
715,2,30,2,0.37645591173212684,4,2,1,5,4,0.34879213507952683,1,2,1,1,0
716,2,30,2,0.3731501623192448,4,2,3,5,2,0.3438057220293414,1,2,1,1,0
717,2,18,4,0.37012802104340814,1,0,4,5,2,0.34104578678506664,0,1,0,1,0
718,3,24,2,0.37324013009068685,4,0,3,5,2,0.3406342426867164,1,2,1,1,0
719,1,20,0,0.3757267007154451,5,2,3,4,4,0.3406342426867164,1,2,1,1,0
720,3,9,0,0.3695865115106634,1,1,4,5,2,0.34181819093076593,1,2,0,0,1
721,1,6,1,0.36369049871606324,3,1,4,0,2,0.337127875355354,1,1,1,0,1
722,0,12,4,0.3691894501784725,1,0,4,0,2,0.337127875355354,0,1,5,0,1
723,1,9,4,0.3670141841493909,6,0,4,0,3,0.34926076249979127,0,1,5,1,0
724,2,27,4,0.3724269007362185,1,0,3,0,3,0.33515393464279974,0,1,1,0,1
725,2,6,2,0.3602115967321623,3,0,2,0,2,0.34409758202147595,1,2,5,1,0
726,2,15,2,0.3695131085148436,6,0,2,4,2,0.3456664097071358,1,2,5,1,0
727,0,18,4,0.37111699226485634,1,0,4,0,4,0.33771074028991616,1,2,1,0,1
728,1,48,1,0.3758758524182088,1,2,4,0,3,0.3481189515336097,0,1,1,0,1
729,3,24,2,0.3693656566119052,3,0,2,1,4,0.34253071065961543,1,2,1,1,0
730,1,24,3,0.37586878612377633,1,1,1,5,2,0.34144002131489304,0,1,1,1,0
731,0,24,4,0.3713508105312261,1,0,2,5,4,0.33515393464279974,0,1,5,0,1
732,1,8,4,0.3668133727166105,1,3,4,0,2,0.34491820695950814,0,1,5,1,0
733,2,24,4,0.37247893804245247,3,0,2,0,4,0.33928104052650254,0,1,1,1,0
734,2,4,2,0.3735182274848061,1,3,1,0,1,0.34286699087144074,0,1,1,1,0
735,1,36,1,0.37415366733676414,4,1,3,0,2,0.3397535150166297,1,1,4,1,0
736,1,24,4,0.3778327092150329,1,0,1,0,4,0.3365101139409041,1,2,0,0,1
737,0,18,4,0.3745028428600328,5,0,3,5,4,0.3421814165124942,0,1,5,1,0
738,2,6,2,0.3760575163289307,1,3,1,5,3,0.34517508014159337,1,2,0,1,0
739,1,30,0,0.3744168910208119,5,0,4,0,4,0.3382620256541887,1,2,5,0,1
740,0,24,1,0.3720140004591047,5,3,2,5,3,0.34104578678506664,1,1,1,1,0
741,1,10,1,0.3684307819416311,1,0,4,5,4,0.3365101139409041,1,1,5,1,0
742,2,21,4,0.3732550994373922,4,2,4,5,3,0.34409758202147595,0,1,1,1,0
743,0,24,1,0.37228583012034794,6,0,4,5,4,0.33585362118289175,1,1,1,1,0
744,0,39,2,0.3784705571335027,4,3,4,5,4,0.3402040022840905,1,2,0,1,0
745,0,13,2,0.37091602523668954,1,1,3,5,1,0.33928104052650254,1,2,5,1,0
746,0,15,4,0.3723318628141946,1,4,1,0,4,0.3365101139409041,0,1,1,1,0
747,0,12,4,0.3693619893038896,1,1,3,0,1,0.34286699087144074,0,1,5,0,1
748,2,21,4,0.3751641009874693,4,0,1,5,3,0.3382620256541887,0,1,1,1,0
749,2,15,4,0.3730879401667737,1,3,2,5,2,0.34144002131489304,0,1,1,1,0
750,0,6,4,0.3636216646132185,1,2,2,0,1,0.3461303165564136,1,1,1,1,0
751,0,18,4,0.36808192669021683,1,1,1,0,2,0.3365101139409041,0,1,5,0,1
752,1,12,4,0.3673351463533356,5,3,2,0,4,0.3365101139409041,0,1,5,1,0
753,2,30,2,0.3755035468692561,1,3,4,0,2,0.33771074028991616,1,2,1,1,0
754,2,12,3,0.37027531784868717,3,2,4,5,4,0.3473819304280704,1,2,1,0,1
755,0,24,4,0.3694021406269626,4,3,4,0,4,0.34104578678506664,0,1,1,0,1
756,3,6,2,0.36945264900989055,1,0,1,5,1,0.3503834811372257,1,3,4,1,0
757,3,15,2,0.3693509665862161,4,0,3,5,4,0.3435037699753355,1,2,1,0,1
758,2,24,4,0.36977567436694286,1,0,2,5,2,0.3406342426867164,0,1,1,1,0
759,0,12,2,0.36631241353341676,1,2,4,5,3,0.3421814165124942,1,2,1,0,1
760,2,15,2,0.3750215429784213,4,2,1,0,4,0.3481189515336097,0,1,1,1,0
761,0,18,2,0.371634684231875,1,0,4,0,4,0.337127875355354,1,2,1,0,1
762,0,12,4,0.3718095776272415,1,0,4,5,3,0.337127875355354,0,1,5,1,0
763,2,21,2,0.3781240066197242,4,2,4,5,4,0.3402040022840905,0,1,0,0,1
764,2,24,2,0.37225257149620117,5,3,4,4,3,0.33878461744725724,1,2,1,1,0
765,1,12,4,0.3688990263317309,1,2,3,4,3,0.3438057220293414,1,2,5,1,0
766,0,30,4,0.37318974203248206,1,1,2,1,4,0.3406342426867164,0,1,5,0,1
767,2,10,4,0.3729161572088262,4,1,1,0,4,0.3406342426867164,0,1,1,1,0
768,1,12,2,0.3737800181494195,1,2,1,5,4,0.33928104052650254,1,3,1,1,0
769,2,12,2,0.37055360644349705,1,2,2,5,4,0.34879213507952683,1,2,5,1,0
770,0,24,4,0.3727913505837066,4,2,2,0,4,0.3382620256541887,0,1,1,1,0
771,0,36,2,0.3766579794821186,1,0,3,0,2,0.33771074028991616,1,2,0,0,1
772,2,21,2,0.3733952431191264,1,2,1,5,4,0.34253071065961543,0,1,0,1,0
773,2,24,2,0.3718266013168942,5,2,4,5,4,0.34678036896021164,1,2,1,1,0
774,3,12,2,0.370052158327995,6,4,2,5,4,0.34926076249979127,1,3,4,1,0
775,0,24,4,0.3697024675113364,4,0,4,0,4,0.33771074028991616,0,1,1,0,1
776,2,36,2,0.3736917844965594,1,3,4,5,4,0.34286699087144074,1,2,1,1,0
777,0,18,4,0.3736633041111406,1,3,4,0,1,0.33771074028991616,0,1,1,1,0
778,2,36,2,0.37546646588413357,3,2,4,5,2,0.3431910908111629,1,2,0,1,0
779,1,18,4,0.3740400588658235,1,4,2,0,4,0.34941072484585367,0,1,1,1,0
780,1,39,2,0.3749399892640741,1,3,2,5,2,0.33771074028991616,1,2,1,0,1
781,2,24,2,0.3712480136394275,3,2,4,5,4,0.3482928352666628,0,1,1,1,0
782,1,12,0,0.3698312998571879,1,0,2,5,2,0.3406342426867164,0,1,5,1,0
783,1,12,4,0.36730473830164967,5,1,4,0,2,0.3365101139409041,1,1,5,0,1
784,1,20,4,0.37590395182724423,4,4,1,1,4,0.3482928352666628,0,1,0,1,0
785,1,18,4,0.37125023156630854,3,0,4,5,2,0.3421814165124942,0,1,5,1,0
786,2,22,4,0.37258981292375803,6,2,3,5,4,0.3438057220293414,0,1,1,1,0
787,2,48,2,0.37270308151435616,4,2,4,5,3,0.3431910908111629,1,2,1,1,0
788,1,48,3,0.37576975542393887,1,2,4,5,4,0.346352815412462,0,1,1,0,1
789,0,40,2,0.3756398749900135,1,0,4,5,3,0.33878461744725724,1,1,1,0,1
790,1,21,4,0.36903297300216104,1,2,2,0,4,0.3435037699753355,0,1,1,0,1
791,2,24,4,0.3758194029018376,4,2,3,5,4,0.34409758202147595,0,1,0,1,0
792,2,6,2,0.369162513258909,4,0,1,4,2,0.33878461744725724,1,2,1,1,0
793,3,24,4,0.37290374321764463,1,2,3,1,4,0.3465694084595632,0,1,1,1,0
794,2,24,4,0.3731308416141871,6,2,4,5,3,0.34104578678506664,0,1,1,1,0
795,2,9,4,0.3719707963058825,5,1,2,0,4,0.33585362118289175,0,1,1,1,0
796,0,18,4,0.3764177399762843,4,2,1,5,4,0.3465694084595632,0,1,1,0,1
797,2,12,2,0.3693028374487475,1,1,2,0,4,0.33585362118289175,1,2,5,1,0
798,2,24,3,0.36650806280377224,4,2,4,4,4,0.3471863981609548,1,2,1,1,0
799,1,9,4,0.37025794368508697,4,1,4,5,2,0.3421814165124942,0,1,4,1,0
800,0,60,4,0.3763193723259527,1,2,4,3,4,0.34253071065961543,0,1,1,0,1
801,0,24,1,0.3761136817593728,1,1,2,1,1,0.3473819304280704,1,1,1,0,1
802,0,24,1,0.36905287684901605,1,4,1,0,4,0.3397535150166297,0,2,2,0,1
803,0,24,1,0.37325634385667555,1,0,4,3,2,0.3406342426867164,0,1,1,0,1
804,0,12,1,0.36635835170459996,1,1,4,3,2,0.34542435085076645,1,2,1,0,1
805,0,30,4,0.37402532622092866,1,0,4,1,4,0.3438057220293414,0,1,0,1,0
806,0,48,4,0.37746237596170384,1,3,4,3,4,0.3435037699753355,1,3,1,0,1
807,1,60,4,0.37580553971382474,1,0,4,3,4,0.34437993265005556,0,1,1,0,1
808,0,24,4,0.37221223621530825,1,1,4,0,4,0.3421814165124942,0,1,1,0,1
809,0,21,4,0.3724836299527934,1,1,4,0,4,0.33928104052650254,0,1,0,1,0
810,0,45,4,0.37103087018917186,1,0,4,3,4,0.3365101139409041,0,1,1,0,1
811,0,18,4,0.372126672702335,1,1,4,0,1,0.33878461744725724,1,1,1,1,0
812,0,18,4,0.3696141112553957,1,0,4,2,3,0.3382620256541887,1,1,1,0,1
813,0,18,4,0.36914315858963825,1,1,4,0,3,0.3365101139409041,0,1,1,0,1
814,0,36,4,0.37881167906785684,1,4,2,1,3,0.34465330972735314,0,1,0,1,0
815,0,18,1,0.3712480136394275,1,1,3,3,4,0.34253071065961543,1,1,0,1,0
816,0,18,1,0.3699338573522447,1,3,4,3,4,0.34104578678506664,0,2,3,0,1
817,0,45,0,0.37790207900250217,1,2,2,3,4,0.3397535150166297,0,2,1,0,1
818,0,27,2,0.37221730378883106,1,2,4,3,4,0.34465330972735314,1,4,0,1,0
819,0,48,4,0.3731166019935777,1,0,3,3,4,0.3471863981609548,0,1,1,0,1
820,0,36,4,0.3741242068669477,1,4,4,3,3,0.3402040022840905,0,1,0,1,0
821,0,12,4,0.37010693246638854,1,0,4,0,1,0.3365101139409041,1,1,1,1,0
822,0,12,4,0.36704675039998186,1,1,4,0,4,0.34698595244137015,0,1,1,0,1
823,0,12,4,0.36600143675714253,1,2,4,0,4,0.337127875355354,0,1,1,1,0
824,1,15,1,0.36932512483354885,2,0,2,2,2,0.33771074028991616,0,1,1,0,1
825,1,42,1,0.3771248406342975,1,4,1,3,2,0.3473819304280704,1,1,0,1,0
826,1,48,0,0.37926049146507607,1,0,1,0,2,0.34104578678506664,1,1,0,0,1
827,0,24,1,0.37348239115275544,0,1,4,3,4,0.3402040022840905,0,1,1,0,1
828,0,21,2,0.37040869949586813,1,2,4,2,3,0.3402040022840905,0,2,1,1,0
829,1,36,3,0.37638181018844025,1,0,2,0,2,0.3471863981609548,0,1,1,1,0
830,0,15,4,0.3741242068669477,1,0,3,0,2,0.3397535150166297,0,1,1,0,1
831,1,30,3,0.37120112020697066,2,1,4,3,3,0.3402040022840905,1,2,0,0,1
832,0,24,4,0.37596306324099693,1,4,4,3,2,0.3397535150166297,0,1,0,1,0
833,0,15,2,0.3699052909182659,1,0,4,0,3,0.33771074028991616,0,2,1,1,0
834,0,24,4,0.3734777386656241,1,2,4,3,2,0.3435037699753355,0,1,0,0,1
835,0,48,4,0.37409736367205426,1,3,4,3,4,0.34542435085076645,0,1,1,0,1
836,0,12,3,0.3696106720794178,1,0,4,3,2,0.34465330972735314,0,2,3,1,0
837,0,12,0,0.36858559814594805,1,0,4,3,4,0.3459016192610386,1,2,1,0,1
838,0,24,4,0.37079243778803933,1,1,4,3,1,0.337127875355354,0,1,3,1,0
839,1,9,4,0.37059361326870455,1,1,4,0,2,0.33585362118289175,0,1,1,0,1
840,3,42,0,0.37580609547300636,1,1,2,1,1,0.34144002131489304,0,2,1,1,0
841,0,9,4,0.36968563291762624,1,1,3,0,4,0.33585362118289175,0,1,1,0,1
842,1,6,4,0.37151105985930705,1,1,4,2,3,0.3402040022840905,0,1,0,1,0
843,1,48,4,0.37877615465901154,1,0,2,3,2,0.3365101139409041,0,1,1,0,1
844,1,18,2,0.37375122766227403,1,4,3,2,3,0.3438057220293414,0,3,2,1,0
845,1,15,0,0.3708695508941251,1,1,2,0,1,0.3382620256541887,0,2,2,0,1
846,0,28,4,0.3741687678005568,1,0,3,3,2,0.34517508014159337,0,1,3,0,1
847,1,30,4,0.3707111051408818,4,0,4,0,1,0.3382620256541887,0,1,1,1,0
848,0,18,2,0.3684354214837885,1,1,4,0,4,0.33515393464279974,0,1,1,1,0
849,0,36,4,0.3767254413185639,1,0,2,3,2,0.3382620256541887,0,1,1,0,1
850,1,48,0,0.3767774194678429,0,1,1,0,1,0.3402040022840905,0,2,1,1,0
851,0,36,4,0.3726454256863433,1,2,2,3,2,0.34409758202147595,1,1,1,0,1
852,0,36,4,0.37511637916784984,1,3,4,3,2,0.3397535150166297,0,1,1,0,1
853,1,21,3,0.37206374156362426,1,0,1,1,4,0.3456664097071358,0,2,1,1,0
854,2,36,4,0.3776670137130305,1,4,4,0,2,0.3382620256541887,0,2,0,0,1
855,1,48,3,0.37601636742221356,4,0,4,3,4,0.3431910908111629,0,1,1,1,0
856,0,12,4,0.36644879701988975,1,2,4,3,4,0.34775908412850337,1,1,3,0,1
857,1,8,4,0.36771707625879585,1,1,3,2,2,0.3382620256541887,0,1,1,1,0
858,2,36,3,0.37456497981652037,1,0,4,0,4,0.34181819093076593,0,2,1,1,0
859,0,24,2,0.3729923916620404,1,2,4,3,4,0.34879213507952683,0,2,1,1,0
860,1,24,4,0.37313987180571445,2,2,4,3,4,0.3402040022840905,0,1,1,1,0
861,1,6,4,0.3654570510760642,1,1,3,2,3,0.3382620256541887,0,1,3,1,0
862,1,6,4,0.36396922733446413,1,1,3,2,1,0.33585362118289175,0,1,3,1,0
863,0,24,4,0.3720743090614977,2,4,1,1,1,0.34144002131489304,0,1,1,0,1
864,0,24,2,0.36920093808270005,3,2,4,0,4,0.34775908412850337,0,2,0,1,0
865,0,18,2,0.3741308828477535,1,2,1,0,4,0.34144002131489304,1,3,1,0,1
866,1,24,4,0.374216432140507,1,3,3,1,3,0.34465330972735314,0,1,1,0,1
867,1,36,2,0.37552130850362286,1,0,3,3,4,0.34181819093076593,0,2,1,1,0
868,0,36,3,0.371676270155856,1,3,2,3,1,0.337127875355354,0,2,1,0,1
869,1,36,4,0.37387831467247806,4,0,2,2,2,0.33878461744725724,0,1,1,1,0
870,0,36,2,0.3772446165364117,1,3,4,3,4,0.337127875355354,0,2,1,0,1
871,1,24,4,0.3742679661266545,0,1,3,0,4,0.33928104052650254,0,1,1,0,1
872,1,24,2,0.3707823688567813,1,2,4,3,2,0.3459016192610386,0,2,3,1,0
873,0,36,4,0.37676822046703196,4,2,3,3,4,0.3456664097071358,0,1,1,0,1
874,0,12,2,0.37172709225213674,1,0,4,3,4,0.3431910908111629,1,2,3,1,0
875,0,9,4,0.36987008292004203,1,1,3,3,2,0.33878461744725724,0,1,0,0,1
876,0,15,4,0.37103087018917186,1,1,4,0,1,0.34542435085076645,0,1,1,1,0
877,0,20,2,0.3744099133604251,1,2,1,0,4,0.337127875355354,0,2,1,1,0
878,0,18,4,0.3743042746738955,1,0,2,3,3,0.34437993265005556,0,1,1,0,1
879,1,30,4,0.3730378500245535,4,2,2,0,4,0.33771074028991616,0,1,1,1,0
880,0,12,4,0.3711422076729134,1,0,4,0,4,0.3397535150166297,0,1,1,1,0
881,0,8,2,0.36660986262027245,1,2,4,3,4,0.3456664097071358,0,2,3,1,0
882,1,18,3,0.3721918917990468,4,2,4,3,2,0.34437993265005556,0,2,1,1,0
883,1,45,2,0.3746648265559093,2,4,3,3,4,0.33878461744725724,0,1,1,1,0
884,0,36,4,0.3771205942509291,1,3,2,3,1,0.337127875355354,0,1,1,0,1
885,3,12,4,0.3730708879256101,1,0,3,2,1,0.337127875355354,0,1,1,1,0
886,0,12,4,0.37375122766227403,1,0,2,3,2,0.3397535150166297,0,1,3,1,0
887,1,24,2,0.37479114775853406,1,1,2,0,4,0.33771074028991616,1,1,3,0,1
888,0,12,4,0.36869573536000805,1,0,2,3,2,0.3344058248343126,0,1,0,1,0
889,1,24,4,0.3750494455151017,4,2,2,0,4,0.34437993265005556,0,1,1,1,0
890,0,20,2,0.3718491727063776,1,0,4,2,2,0.34144002131489304,1,2,1,0,1
891,3,9,4,0.36670931354119035,1,0,3,0,2,0.33928104052650254,0,1,3,0,1
892,2,24,4,0.36926916561937323,1,1,4,2,2,0.33928104052650254,0,1,1,1,0
893,1,11,2,0.36953422355010024,3,0,4,0,4,0.3438057220293414,0,2,1,1,0
894,3,15,4,0.37201757690534026,1,1,2,0,3,0.33771074028991616,0,1,3,0,1
895,2,15,1,0.3703155475274814,2,2,4,3,4,0.34181819093076593,1,1,3,1,0
896,0,18,4,0.37123912829921646,4,3,2,2,4,0.3365101139409041,0,2,3,1,0
897,2,18,4,0.37356616730608383,1,2,4,3,4,0.3456664097071358,1,3,1,1,0
898,0,24,2,0.3697392457022481,2,3,4,3,1,0.3382620256541887,0,2,1,1,0
899,2,18,3,0.3717232085905886,1,0,4,2,2,0.33928104052650254,0,1,1,0,1
900,2,18,4,0.37125466334113355,1,1,4,0,4,0.3365101139409041,0,1,1,0,1
901,2,24,4,0.3700337227297274,2,1,4,2,3,0.34144002131489304,0,1,1,1,0
902,2,18,4,0.3702112160734529,1,1,4,2,1,0.34465330972735314,0,1,3,0,1
903,1,30,2,0.3717464470168062,4,2,4,3,4,0.34253071065961543,0,2,1,1,0
904,2,15,4,0.3737275797991686,1,2,4,0,2,0.3471863981609548,1,1,0,1,0
905,0,6,4,0.37862171091493907,1,2,1,3,4,0.3495577466134833,1,1,0,0,1
906,1,27,2,0.3723465300601158,0,0,4,3,2,0.3365101139409041,0,2,3,0,1
907,3,24,4,0.3693028374487475,0,0,3,0,3,0.34775908412850337,0,1,3,1,0
908,2,48,4,0.37487362363283455,1,4,3,3,2,0.34144002131489304,1,1,0,0,1
909,2,12,4,0.3686695779858093,1,0,3,2,2,0.33878461744725724,0,2,1,1,0
910,1,9,2,0.36889489560521954,1,2,2,3,4,0.34286699087144074,0,3,3,1,0
911,2,24,3,0.3723756793204988,1,2,4,3,4,0.3456664097071358,0,2,3,0,1
912,2,36,4,0.3737565784083813,1,2,4,3,2,0.33928104052650254,0,1,1,1,0
913,0,9,4,0.369678878363798,1,3,3,3,4,0.3481189515336097,0,1,1,1,0
914,2,24,2,0.37249143561585807,1,2,4,2,3,0.34542435085076645,0,2,1,1,0
915,2,24,1,0.3702868561233677,1,3,4,3,4,0.346352815412462,1,1,1,1,0
916,3,21,4,0.3729463120171394,2,0,1,0,1,0.33928104052650254,1,1,0,1,0
917,1,12,4,0.3713830102162448,1,3,3,3,4,0.3402040022840905,0,1,1,1,0
918,1,12,4,0.3764000576270707,4,4,1,0,2,0.337127875355354,0,1,2,1,0
919,2,36,3,0.37763801321058915,1,2,2,3,2,0.34517508014159337,0,2,1,1,0
920,2,18,2,0.3709643166721199,1,0,4,0,2,0.33928104052650254,0,2,1,1,0
921,2,30,2,0.37281838291736646,1,0,4,0,2,0.34144002131489304,0,1,1,1,0
922,2,18,2,0.3686564347424255,1,4,4,0,4,0.34910775274979705,0,2,2,1,0
923,1,18,2,0.37091116086326587,1,2,3,0,4,0.3459016192610386,1,2,3,1,0
924,0,11,2,0.37410505600836774,1,0,1,3,2,0.3438057220293414,0,2,3,1,0
925,1,9,4,0.37329838008485305,4,0,1,0,2,0.34144002131489304,0,1,3,1,0
926,2,24,4,0.3693766378268706,1,2,4,3,1,0.34253071065961543,0,1,0,1,0
927,2,36,2,0.3759814616239316,1,2,4,3,4,0.34181819093076593,0,2,0,1,0
928,2,21,3,0.37304050503061065,1,0,3,3,2,0.33928104052650254,1,2,3,1,0
929,1,15,4,0.37015496300307343,2,0,4,3,2,0.33585362118289175,0,1,1,1,0
930,3,30,2,0.3738211612206763,4,2,4,3,4,0.3461303165564136,1,2,3,1,0
931,2,15,3,0.3737555089596745,1,1,1,0,2,0.34542435085076645,0,2,3,1,0
932,1,6,4,0.36676512597674693,1,0,2,0,3,0.3489515831180964,0,1,1,1,0
933,2,18,2,0.37394862406155294,1,1,3,1,2,0.3421814165124942,0,2,0,1,0
934,2,12,4,0.3671047466997031,1,2,4,3,4,0.3431910908111629,0,1,1,1,0
935,2,15,4,0.3697525326060075,4,0,4,2,2,0.3438057220293414,0,1,1,1,0
936,2,15,4,0.36753048570008484,4,1,4,0,1,0.337127875355354,0,1,1,1,0
937,1,24,2,0.37280986960757095,4,3,4,3,3,0.34181819093076593,0,2,1,1,0
938,1,30,2,0.376788578720425,1,3,2,3,2,0.3461303165564136,0,1,1,0,1
939,2,36,4,0.37637126618283867,4,2,3,3,2,0.34286699087144074,0,2,1,1,0
940,0,21,4,0.3739314423022972,4,3,2,3,2,0.337127875355354,0,1,3,1,0
941,2,24,2,0.3703947338175353,1,2,4,3,4,0.3471863981609548,0,2,1,1,0
942,2,24,3,0.3721023339463731,0,0,4,3,2,0.34491820695950814,0,2,1,1,0
943,2,12,4,0.3675993106017675,4,0,4,0,2,0.33515393464279974,0,1,1,1,0
944,2,13,4,0.3698280500814016,2,4,2,0,4,0.3489515831180964,0,1,1,1,0
945,2,18,0,0.3743150873012922,1,0,2,3,2,0.34253071065961543,1,2,1,0,1
946,2,24,4,0.37378426190565045,2,2,2,3,4,0.3406342426867164,0,2,1,0,1
947,1,6,4,0.364340925212717,1,3,3,2,3,0.33928104052650254,1,1,3,1,0
948,2,30,4,0.3710823231850893,4,2,4,3,4,0.3479410895948148,0,1,1,1,0
949,2,15,2,0.3709929883027831,1,2,4,3,4,0.34542435085076645,0,2,1,1,0
950,2,15,2,0.3700244711880712,1,0,4,3,4,0.3421814165124942,0,2,1,1,0
951,2,12,4,0.3707646816927511,1,3,3,0,4,0.3406342426867164,0,1,3,1,0
952,2,24,4,0.37712271823732635,4,0,2,1,4,0.3459016192610386,0,1,1,1,0
953,1,21,4,0.3741403960038822,4,3,2,3,3,0.3421814165124942,0,1,1,1,0
954,2,48,3,0.3781409740198396,0,3,4,3,1,0.34286699087144074,0,1,0,1,0
955,2,36,3,0.37649226913544254,0,3,2,0,4,0.3438057220293414,0,2,1,1,0
956,2,10,4,0.37024922637844854,1,0,3,3,2,0.3406342426867164,0,1,3,1,0
957,2,24,4,0.3721405047652385,0,2,3,3,2,0.3421814165124942,1,2,1,0,1
958,2,28,1,0.3765559007290887,4,1,3,3,4,0.3438057220293414,1,2,1,1,0
959,2,12,2,0.36784232421907914,4,2,4,3,4,0.34910775274979705,0,4,1,1,0
960,2,4,4,0.3655586132505645,1,1,1,0,3,0.3365101139409041,0,1,3,1,0
961,2,42,4,0.3762574879583259,4,3,2,2,4,0.3397535150166297,0,1,1,1,0
962,2,6,2,0.37077479904340854,1,2,2,2,2,0.3402040022840905,0,2,1,1,0
963,2,24,4,0.376363908773446,1,0,1,3,4,0.34465330972735314,0,1,3,1,0
964,2,24,4,0.37655158652224197,1,3,3,3,3,0.3431910908111629,0,1,0,1,0
965,2,15,4,0.3718228253554042,0,0,2,0,4,0.3344058248343126,0,1,1,1,0
966,2,15,2,0.37347540996423667,1,0,4,3,2,0.33928104052650254,0,1,1,1,0
967,0,16,2,0.3725131977071051,1,2,2,3,4,0.34465330972735314,1,1,1,0,1
968,2,10,4,0.3718019851471079,1,0,2,3,2,0.33771074028991616,1,1,3,0,1
969,2,27,2,0.37462428726303176,3,1,4,3,2,0.34104578678506664,1,2,3,1,0
970,3,6,2,0.369607229830191,1,2,1,3,4,0.34542435085076645,0,2,1,1,0
971,2,12,4,0.3728578317611228,4,4,4,3,4,0.3431910908111629,0,1,0,1,0
972,2,12,4,0.37212840471096115,4,2,4,3,3,0.346352815412462,0,1,1,1,0
973,2,24,2,0.3755237502543672,3,0,4,3,2,0.33878461744725724,0,2,1,1,0
974,2,9,2,0.36917408034483035,1,0,3,3,1,0.3402040022840905,0,2,1,1,0
975,2,10,4,0.36764456887624036,4,3,4,0,3,0.3438057220293414,0,1,1,1,0
976,2,18,4,0.3760575163289307,4,0,2,3,4,0.3495577466134833,0,2,1,0,1
977,2,20,2,0.3736367932546804,4,1,2,1,4,0.34491820695950814,0,2,1,1,0
978,2,15,4,0.37371460855638067,4,0,3,3,2,0.3397535150166297,0,1,1,1,0
979,2,18,2,0.3689564080722511,4,0,4,3,3,0.3397535150166297,0,2,1,1,0
980,2,36,3,0.377003474966785,4,3,3,3,2,0.3406342426867164,1,1,0,1,0
981,2,36,2,0.3775182694873995,4,2,2,3,4,0.34437993265005556,0,2,1,1,0
982,2,11,4,0.37167035899928863,3,2,1,1,2,0.33928104052650254,0,1,1,1,0
983,2,24,4,0.36783695700421887,4,3,4,3,2,0.3406342426867164,1,1,1,1,0
984,2,12,2,0.36808192669021683,4,2,4,3,4,0.3421814165124942,0,2,1,1,0
985,2,10,4,0.37284238866233405,2,0,1,3,2,0.34104578678506664,0,1,1,1,0
986,2,12,2,0.36477290419763264,0,2,4,3,4,0.34437993265005556,0,2,1,1,0
987,2,6,4,0.3695899723067196,0,0,1,1,4,0.3486292836319043,0,1,1,1,0
988,2,12,2,0.3734614032103716,1,2,2,3,4,0.34437993265005556,1,1,1,1,0
989,2,24,2,0.3714381486801078,1,3,2,3,2,0.3402040022840905,0,2,3,1,0
990,2,12,4,0.37368304762182025,4,1,2,3,3,0.34517508014159337,0,1,0,1,0
991,2,24,2,0.37609860653218635,4,0,2,3,4,0.34542435085076645,0,2,0,1,0
992,2,6,2,0.3702724277306226,1,3,1,0,2,0.337127875355354,0,2,1,1,0
993,2,4,2,0.36997474489760135,1,3,2,3,1,0.34437993265005556,0,3,3,1,0
994,2,15,4,0.3717560849123524,4,3,1,0,4,0.34144002131489304,1,1,3,1,0
995,2,12,2,0.37372434180477865,4,1,2,3,1,0.34286699087144074,0,2,3,1,0
996,2,24,2,0.3742024865413641,4,3,3,3,4,0.34465330972735314,0,2,1,1,0
997,2,12,2,0.37038071575633225,3,3,3,0,2,0.3421814165124942,0,1,1,1,0
998,2,30,2,0.3760477949424148,4,3,2,3,3,0.34253071065961543,0,2,1,1,0
999,2,9,4,0.37373727459992934,2,0,1,3,2,0.3382620256541887,0,1,1,1,0
