Unnamed: 0,CHK_ACCT,Duration,Credit History,Credit Amount,Balance in Savings A/C,Employment,Install_rate,Marital status,Present Resident,Age,Other installment,Num_Credits,Job,Credit classification,Credit Rating,kfold
0,0,6,2,0.3689564080722511,4,2,4,5,4,0.3494107248458537,1,2,5,1,0,1
1,1,48,4,0.3756121477401155,1,0,2,0,2,0.3358536211828917,0,1,1,0,1,1
2,2,12,2,0.3715784698496021,1,3,2,5,3,0.3461303165564136,0,1,5,1,0,1
3,0,42,4,0.3765807975860016,1,3,2,5,4,0.34517508014159337,0,1,1,1,0,1
4,0,24,3,0.3748931578752899,1,0,3,5,4,0.3469859524413701,1,2,1,0,1,1
5,2,36,4,0.3770430529742826,4,0,2,5,4,0.3421814165124942,0,1,5,1,0,1
6,2,24,4,0.3728240466222038,6,2,3,5,4,0.3469859524413701,0,1,1,1,0,1
7,1,36,4,0.3761515323055674,1,0,2,5,2,0.3421814165124942,0,1,0,1,0,1
8,2,12,4,0.373126964073755,3,3,2,1,4,0.3484628968282321,0,1,5,1,0,1
9,1,30,2,0.3751544778018381,1,4,4,4,2,0.3392810405265025,1,2,0,0,1,1
10,1,12,4,0.36943828503254783,1,1,3,0,1,0.33771074028991616,0,1,1,0,1,1
11,0,48,4,0.3744411929551307,1,1,3,0,4,0.33712787535535405,0,1,1,0,1,1
12,1,12,4,0.3703098267790166,1,0,1,0,1,0.3358536211828917,0,1,1,1,0,1
13,0,24,2,0.3690766293230549,1,2,4,5,4,0.3482928352666628,1,2,5,0,1,1
14,0,15,4,0.3698084931671903,1,0,2,0,4,0.3392810405265025,0,1,1,1,0,1
15,0,24,4,0.36939123134951934,5,0,4,0,2,0.34104578678506664,0,1,5,0,1,1
16,2,24,2,0.37218678706338176,4,2,4,5,4,0.3469859524413701,1,2,1,1,0,1
17,0,30,0,0.37666089134628705,4,1,2,5,3,0.33771074028991616,1,3,1,1,0,1
18,1,24,4,0.3780989775104781,1,2,4,0,2,0.3449182069595081,0,1,0,0,1,1
19,2,24,4,0.3735752201607362,6,2,3,5,2,0.3406342426867164,0,1,1,1,0,1
20,2,9,2,0.3716545476987803,1,0,4,5,4,0.3459016192610386,1,3,1,1,0,1
21,0,6,4,0.3725471192818807,6,0,2,5,3,0.3449182069595081,0,1,1,1,0,1
22,0,10,2,0.3718604045139319,1,1,1,5,3,0.3459016192610386,1,2,5,1,0,1
23,1,12,2,0.37093299983256417,5,1,3,5,4,0.3449182069595081,0,1,1,1,0,1
24,2,10,2,0.3715234111785468,4,0,2,4,1,0.3382620256541887,1,2,1,1,0,1
25,0,6,4,0.3697125329455467,1,0,1,5,2,0.34253071065961543,1,1,5,1,0,1
26,2,6,0,0.3635938518126721,1,2,4,4,4,0.3435037699753355,0,1,5,1,0,1
27,3,12,1,0.3633507191875537,3,0,3,0,3,0.3443799326500556,1,2,1,1,0,1
28,1,7,4,0.3721714278142589,1,0,3,5,2,0.34181819093076593,0,1,1,1,0,1
29,0,60,3,0.37609558226143697,1,2,3,5,4,0.34879213507952683,1,2,1,0,1,1
30,1,18,4,0.3711876097417005,3,1,3,4,3,0.34253071065961543,1,1,1,1,0,1
31,0,24,4,0.3741819227472804,1,0,2,5,2,0.33878461744725724,1,1,1,1,0,1
32,1,18,4,0.3755613483431114,5,0,2,5,2,0.3402040022840905,1,2,1,1,0,1
33,2,12,2,0.3693251248335489,4,2,4,5,4,0.34775908412850337,0,1,5,1,0,1
34,3,12,4,0.3700337227297274,1,1,4,0,1,0.34144002131489304,1,1,0,1,0,1
35,1,45,2,0.3747988764387932,1,1,4,5,2,0.33771074028991616,1,2,5,0,1,1
36,2,48,2,0.3757049401893292,1,0,1,5,3,0.3406342426867164,1,1,1,1,0,1
37,3,18,4,0.3715865549518354,1,0,4,5,2,0.34286699087144074,1,1,1,0,1,1
38,3,10,4,0.369177928462446,1,0,2,5,2,0.34286699087144074,0,1,1,1,0,1
39,1,9,4,0.364020513161443,1,0,4,5,3,0.33712787535535405,0,1,1,1,0,1
40,2,30,4,0.37202828440551,6,2,4,5,2,0.3402040022840905,1,1,0,1,0,1
41,1,12,4,0.3689113927058737,6,0,3,1,1,0.3382620256541887,0,1,1,1,0,1
42,1,18,3,0.3757584848568016,1,0,2,5,4,0.3449182069595081,0,1,5,1,0,1
43,0,30,2,0.375748871545562,5,3,1,4,4,0.33712787535535405,1,2,1,1,0,1
44,0,48,2,0.3757238464546387,1,2,4,0,4,0.3479410895948148,1,2,5,0,1,1
45,2,11,2,0.3697756743669429,1,1,4,0,4,0.3421814165124942,1,2,0,1,0,1
46,2,36,4,0.3719671718461336,6,2,4,5,4,0.3435037699753355,0,1,1,1,0,1
47,0,6,4,0.3696380998613368,6,4,1,0,2,0.3365101139409041,0,1,4,1,0,1
48,2,11,2,0.3762869391696622,1,0,1,5,4,0.3435037699753355,1,2,5,1,0,1
49,2,12,4,0.3715316217535276,5,0,4,0,2,0.3392810405265025,0,1,1,1,0,1
50,1,24,3,0.37202828440551,4,1,4,5,2,0.3397535150166297,1,1,5,1,0,1
51,1,27,3,0.3756204335399689,1,2,1,5,2,0.3402040022840905,1,2,0,1,0,1
52,2,12,4,0.3693177098629549,1,0,3,5,2,0.33771074028991616,0,1,1,1,0,1
53,2,18,4,0.37351592716305615,4,0,2,5,1,0.3406342426867164,0,1,1,1,0,1
54,1,36,3,0.3718303732470252,1,2,4,5,4,0.34775908412850337,1,2,1,0,1,1
55,2,6,1,0.3669681677991507,4,0,1,5,2,0.3382620256541887,1,1,5,1,0,1
56,1,12,4,0.3759039518272442,4,4,2,5,1,0.34678036896021164,0,1,0,0,1,1
57,2,36,2,0.3772231821243991,1,0,2,0,2,0.3406342426867164,1,2,1,1,0,1
58,3,18,4,0.37129430651451706,1,2,3,0,2,0.3365101139409041,0,1,0,1,0,1
59,0,36,2,0.37577256647477936,1,1,4,0,4,0.3365101139409041,1,2,5,0,1,1
60,1,9,4,0.3697690766938877,1,0,2,4,1,0.33878461744725724,1,1,1,1,0,1
61,1,15,2,0.3702229525136093,4,2,4,5,4,0.346352815412462,1,2,1,1,0,1
62,1,36,0,0.3712767410373645,1,2,4,5,4,0.3484628968282321,0,1,0,0,1,1
63,1,48,0,0.3785225382126473,1,0,2,5,2,0.33771074028991616,0,1,1,0,1,1
64,2,24,4,0.3732811352147162,1,1,4,0,4,0.3382620256541887,0,1,1,1,0,1
65,2,27,4,0.3751240366003069,4,2,4,5,4,0.3459016192610386,1,4,1,1,0,1
66,2,12,4,0.3717270922521368,1,1,2,0,2,0.3397535150166297,1,1,1,1,0,1
67,1,12,4,0.36823581998627297,3,0,4,4,1,0.3358536211828917,0,1,1,1,0,1
68,2,36,4,0.3709691109294486,1,0,4,5,4,0.34286699087144074,1,1,1,0,1,1
69,2,36,4,0.3721353241639553,4,0,4,0,4,0.33771074028991616,0,1,1,1,0,1
70,2,36,4,0.37668614284386615,1,0,1,0,2,0.3402040022840905,1,1,1,1,0,1
71,2,7,2,0.3666026702996122,4,2,4,5,2,0.34542435085076645,1,2,5,1,0,1
72,0,8,2,0.3689360100720445,1,2,3,5,4,0.3465694084595632,1,2,0,1,0,1
73,1,42,2,0.3756139251802307,1,3,2,0,1,0.34409758202147595,1,2,5,1,0,1
74,0,36,4,0.3713291829328308,4,2,4,5,4,0.3438057220293414,0,1,0,0,1,1
75,0,12,2,0.3701905888425924,1,2,4,5,4,0.3492607624997913,1,2,0,1,0,1
76,0,42,4,0.3741299299835467,1,1,4,5,3,0.34181819093076593,0,1,1,0,1,1
77,1,11,3,0.3748181150574287,1,3,2,5,4,0.3465694084595632,0,1,1,1,0,1
78,2,54,0,0.3771784315545248,4,0,2,5,2,0.3435037699753355,0,1,5,1,0,1
79,1,30,4,0.3740006216258088,1,1,2,4,1,0.3358536211828917,0,1,1,1,0,1
80,2,24,4,0.3756074027885527,4,1,1,0,1,0.3449182069595081,1,2,1,0,1,1
81,2,15,4,0.36913149976505977,6,2,4,5,3,0.3456664097071358,1,1,1,1,0,1
82,2,18,4,0.37031268824436825,5,0,3,0,4,0.33712787535535405,0,1,5,1,0,1
83,0,24,4,0.3708124933627725,1,2,4,0,4,0.3479410895948148,0,1,5,1,0,1
84,0,10,4,0.37199606331968704,1,2,3,5,4,0.34678036896021164,0,1,5,1,0,1
85,2,12,2,0.36983779112529297,1,0,4,0,2,0.3397535150166297,1,2,0,1,0,1
86,1,18,2,0.36943828503254783,1,1,4,0,1,0.33878461744725724,1,2,1,1,0,1
87,1,36,4,0.378107180729402,5,0,1,5,4,0.3456664097071358,0,1,1,0,1,1
88,0,18,4,0.3718753248504509,5,3,4,5,3,0.3402040022840905,0,1,0,1,0,1
89,0,12,0,0.3687000782979759,1,3,4,5,3,0.3392810405265025,1,2,1,0,1,1
90,2,12,2,0.3657111748632673,1,2,4,5,4,0.3475727597939736,0,1,1,1,0,1
91,0,12,2,0.3698280500814016,1,2,4,5,3,0.3471863981609548,0,1,1,1,0,1
92,2,12,2,0.36705970722897696,4,2,4,0,3,0.34144002131489304,1,1,5,0,1,1
93,3,24,2,0.3737800181494195,4,2,4,5,4,0.3344058248343126,1,2,1,1,0,1
94,1,12,4,0.3695201596843583,3,2,4,5,4,0.3471863981609548,0,1,1,1,0,1
95,1,54,0,0.37882841048551785,1,1,3,5,4,0.3479410895948148,0,1,1,0,1,1
96,2,12,2,0.3714043176020734,4,3,4,0,2,0.3484628968282321,0,1,1,1,0,1
97,1,18,4,0.3725085459822132,5,0,4,5,4,0.34181819093076593,0,1,1,1,0,1
98,1,36,2,0.37203540460896,1,2,4,5,4,0.34253071065961543,0,1,1,1,0,1
99,1,20,3,0.3762049857574113,4,3,3,5,4,0.34253071065961543,1,2,0,1,0,1
100,2,24,4,0.37001829092718985,5,2,4,4,4,0.34409758202147595,0,1,5,1,0,1
101,1,36,4,0.3720104203615933,1,3,4,5,4,0.33712787535535405,0,1,1,1,0,1
102,2,6,3,0.36785303770919503,1,0,3,0,2,0.33712787535535405,0,1,1,1,0,1
103,1,9,2,0.37120112020697066,1,3,4,5,3,0.3421814165124942,0,1,1,1,0,1
104,2,12,4,0.37222236399028025,4,1,2,4,4,0.3382620256541887,0,1,1,1,0,1
105,1,24,2,0.37793453078485706,1,0,2,5,3,0.3435037699753355,1,2,0,0,1,1
106,2,18,1,0.3758985685655774,1,2,2,5,4,0.3435037699753355,1,2,0,0,1,1
107,1,12,4,0.3756864928662705,1,3,2,5,2,0.34104578678506664,0,1,1,1,0,1
108,0,24,4,0.3765111548880655,4,1,1,0,2,0.3402040022840905,0,1,1,1,0,1
109,1,14,4,0.3698312998571879,6,2,1,4,2,0.3421814165124942,0,1,1,1,0,1
110,1,6,3,0.3699559283540391,5,2,1,1,2,0.3406342426867164,1,2,1,1,0,1
111,3,15,4,0.36309472962646855,1,1,4,0,4,0.3365101139409041,0,1,1,1,0,1
112,1,18,4,0.3757899365293312,1,3,3,5,3,0.3392810405265025,0,1,5,1,0,1
113,2,36,2,0.3765692342117584,1,0,4,0,2,0.33771074028991616,1,2,1,0,1,1
114,0,12,4,0.3706200467517313,6,2,3,4,1,0.3421814165124942,0,1,1,1,0,1
115,2,48,2,0.3737383500285886,4,2,4,5,1,0.3456664097071358,0,1,1,1,0,1
116,0,42,4,0.3762613047206109,4,3,4,0,3,0.3402040022840905,0,1,0,0,1,1
117,0,10,2,0.371650583866231,4,1,2,0,3,0.33878461744725724,1,2,1,1,0,1
118,0,33,2,0.3744177621531022,6,0,1,0,4,0.3365101139409041,1,2,1,0,1,1
119,1,12,2,0.3720865975974884,6,3,3,1,3,0.34253071065961543,0,1,0,1,0,1
120,0,21,4,0.3710072401407767,1,0,3,0,2,0.33771074028991616,1,2,1,0,1,1
121,2,24,2,0.374036136723752,1,2,4,0,2,0.34409758202147595,1,2,0,1,0,1
122,2,12,4,0.3708448521143947,1,0,3,5,2,0.33712787535535405,0,1,5,1,0,1
123,3,10,2,0.3669549282853217,1,2,4,5,4,0.34879213507952683,1,2,1,1,0,1
124,1,18,4,0.371212340553428,4,1,4,0,3,0.33878461744725724,0,1,1,0,1,1
125,0,12,2,0.3716287035111055,1,0,4,5,2,0.3402040022840905,1,2,1,1,0,1
126,0,12,4,0.3663887098804547,1,0,4,4,2,0.3438057220293414,0,1,5,1,0,1
127,1,12,4,0.3658926891173923,1,0,4,5,2,0.3402040022840905,0,1,1,0,1,1
128,1,12,2,0.3710660305000901,1,4,4,5,2,0.34181819093076593,1,2,0,1,0,1
129,0,12,2,0.3736522839300237,1,0,3,0,2,0.3397535150166297,1,2,1,0,1,1
130,1,48,4,0.3768284757573024,4,3,1,0,2,0.33712787535535405,0,1,1,1,0,1
131,0,36,3,0.37612119069911976,1,0,4,5,3,0.3397535150166297,1,1,1,0,1,1
132,2,15,4,0.37263945688354216,1,1,2,5,3,0.33878461744725724,1,2,5,1,0,1
133,2,18,4,0.3713443358780901,1,0,4,5,4,0.3456664097071358,1,2,1,1,0,1
134,2,60,4,0.37741397130673016,5,3,2,0,4,0.3351539346427997,0,1,1,1,0,1
135,2,12,2,0.369235200749392,4,2,4,0,2,0.3431910908111629,1,2,1,1,0,1
136,2,27,3,0.37687748368193297,3,0,2,5,2,0.33878461744725724,1,2,1,1,0,1
137,1,12,4,0.3668542984221723,6,0,4,5,3,0.3492607624997913,0,1,5,0,1,1
138,1,15,2,0.3726691972186073,4,3,4,5,2,0.3421814165124942,1,3,1,1,0,1
139,3,12,4,0.37111469125131785,1,0,2,0,2,0.3449182069595081,0,1,5,1,0,1
140,3,6,4,0.36644879701988975,3,1,2,4,2,0.33878461744725724,0,1,4,1,0,1
141,1,36,4,0.37483647347292,1,1,4,0,1,0.3402040022840905,0,1,0,1,0,1
142,0,27,4,0.3735593612990045,1,0,3,5,2,0.33878461744725724,0,1,0,1,0,1
143,0,18,4,0.37225090017267015,1,0,2,5,2,0.3358536211828917,0,1,1,0,1,1
144,2,21,2,0.3719471702174782,1,1,4,0,4,0.3365101139409041,0,1,1,1,0,1
145,1,48,1,0.3737254214922733,5,3,4,5,2,0.3402040022840905,0,1,1,1,0,1
146,0,6,2,0.3674487264041549,1,2,1,0,4,0.3435037699753355,1,2,1,1,0,1
147,2,12,2,0.366242585482016,5,3,4,0,3,0.3465694084595632,1,2,1,1,0,1
148,0,36,2,0.3752473794769163,1,0,3,5,2,0.3392810405265025,1,2,1,1,0,1
149,2,18,2,0.3703525210191144,3,2,4,5,4,0.34542435085076645,1,2,1,1,0,1
150,2,6,4,0.36961754736320335,5,2,2,5,4,0.3443799326500556,1,1,1,1,0,1
151,2,10,4,0.371212340553428,1,0,1,5,4,0.3431910908111629,0,1,1,1,0,1
152,3,36,4,0.3755504806836155,1,0,4,5,1,0.33712787535535405,0,1,1,1,0,1
153,1,24,2,0.3765273079540308,3,2,2,0,4,0.3397535150166297,0,1,1,1,0,1
154,1,24,3,0.3761609197515268,5,3,4,5,4,0.34253071065961543,0,1,0,1,0,1
155,0,12,4,0.36939123134951934,1,0,2,0,4,0.3344058248343126,0,1,1,0,1,1
156,0,9,2,0.3694130193405655,5,2,3,5,4,0.3459016192610386,1,2,1,1,0,1
157,0,12,1,0.3621986425025248,1,2,4,4,1,0.34517508014159337,1,1,5,1,0,1
158,1,24,4,0.3736666029608883,5,3,2,5,3,0.3431910908111629,1,2,1,1,0,1
159,2,6,2,0.37115361158111626,4,0,1,5,2,0.34181819093076593,1,2,5,1,0,1
160,2,24,2,0.3728759924534292,5,2,3,5,4,0.34253071065961543,0,1,1,1,0,1
161,2,18,2,0.3684631470387073,1,1,4,0,1,0.3402040022840905,1,2,1,1,0,1
162,2,15,4,0.3693177098629549,6,3,4,5,3,0.34253071065961543,1,2,1,1,0,1
163,1,10,4,0.3763245098897607,1,4,2,5,4,0.3498433696086649,1,1,0,1,0,1
164,2,36,4,0.3677281194075929,6,2,4,5,4,0.34253071065961543,0,1,1,1,0,1
165,2,6,4,0.3730205412517487,6,0,1,5,2,0.34104578678506664,0,1,1,1,0,1
166,0,18,4,0.36879868088119067,1,4,4,0,2,0.34144002131489304,0,1,1,0,1,1
167,1,11,4,0.3703383436006227,3,1,4,0,1,0.3344058248343126,0,1,1,1,0,1
168,2,24,4,0.3741365941158295,1,3,2,0,4,0.33771074028991616,0,1,1,1,0,1
169,1,24,2,0.3712369035482028,1,2,4,1,4,0.3406342426867164,1,2,1,0,1,1
170,0,15,0,0.3679482235278461,1,2,4,5,3,0.34144002131489304,1,2,1,0,1,1
171,2,12,4,0.36683388454294175,1,0,4,0,1,0.3382620256541887,0,1,1,1,0,1
172,1,24,3,0.3715131213767322,1,4,3,0,2,0.34181819093076593,0,1,0,0,1,1
173,1,8,4,0.3698442713777169,1,0,4,5,2,0.34144002131489304,0,1,1,1,0,1
174,0,21,3,0.3735570895019384,1,1,2,5,1,0.3382620256541887,1,2,1,0,1,1
175,2,30,1,0.3764059636292673,4,4,4,0,1,0.3469859524413701,1,1,0,0,1,1
176,0,12,4,0.3724380047993044,1,0,2,1,1,0.3443799326500556,0,1,1,1,0,1
177,0,6,2,0.3621800863092919,6,2,4,5,4,0.34678036896021164,1,2,1,1,0,1
178,2,12,4,0.37129868455702336,1,3,4,5,2,0.3406342426867164,1,2,0,1,0,1
179,0,21,2,0.3652760365287359,1,2,4,5,4,0.34910775274979705,1,2,1,1,0,1
180,2,36,3,0.3772252305232981,1,1,1,1,1,0.3392810405265025,1,2,1,0,1,1
181,1,36,3,0.3745658112038151,1,0,2,1,2,0.3402040022840905,1,2,0,0,1,1
182,0,21,1,0.37053209191400055,4,0,4,5,2,0.3438057220293414,1,2,5,0,1,1
183,2,24,2,0.37394559859244586,3,0,4,5,4,0.346352815412462,0,1,1,1,0,1
184,1,18,2,0.3675879185682449,1,2,4,5,4,0.34253071065961543,1,1,1,0,1,1
185,2,15,2,0.36966533352976416,1,0,4,5,2,0.3406342426867164,1,2,1,1,0,1
186,1,9,1,0.3750813315147938,1,2,2,0,4,0.3503834811372257,1,1,0,0,1,1
187,1,16,2,0.3689807474114217,1,4,2,5,3,0.3495577466134833,1,3,4,1,0,1
188,0,12,4,0.36617956487373454,5,3,4,4,1,0.3344058248343126,0,1,1,0,1,1
189,1,18,0,0.3733580430254208,1,0,1,0,4,0.34144002131489304,1,2,1,1,0,1
190,2,24,4,0.3746768872772852,3,0,2,5,3,0.3471863981609548,1,3,0,0,1,1
191,1,48,0,0.3740125033853233,5,3,4,5,4,0.34181819093076593,0,1,5,0,1,1
192,1,27,4,0.3740819237046619,1,0,4,5,2,0.34253071065961543,0,1,1,0,1,1
193,2,6,4,0.3716026703755301,1,3,2,4,2,0.3397535150166297,0,1,1,1,0,1
194,1,45,4,0.3730905559225468,5,0,4,5,4,0.3351539346427997,0,1,1,0,1,1
195,1,9,2,0.3701159848468231,1,2,2,0,3,0.34181819093076593,1,2,0,0,1,1
196,2,6,2,0.3697392457022481,1,0,1,0,1,0.3392810405265025,1,2,1,1,0,1
197,1,12,4,0.3679534474933055,5,1,4,0,4,0.33878461744725724,1,4,1,0,1,1
198,1,24,4,0.3727162495289634,4,2,4,5,4,0.34253071065961543,1,1,1,1,0,1
199,1,18,3,0.3744316679112285,1,2,4,1,3,0.3438057220293414,0,1,0,0,1,1
200,2,9,2,0.36787438139848977,6,2,4,5,2,0.34678036896021164,1,2,1,1,0,1
201,0,12,4,0.3689523368889624,1,0,4,4,3,0.33878461744725724,0,1,5,1,0,1
202,2,27,3,0.3750728606449985,1,3,3,5,4,0.3382620256541887,1,2,1,1,0,1
203,0,12,4,0.3676893387776224,1,3,4,4,4,0.3351539346427997,0,1,1,0,1,1
204,2,12,2,0.37009785835070175,1,2,4,5,1,0.3431910908111629,1,2,5,1,0,1
205,0,30,2,0.377562796552232,1,2,3,5,4,0.3431910908111629,1,3,0,1,0,1
206,2,12,2,0.3712369035482028,1,2,4,5,4,0.34465330972735314,1,3,1,1,0,1
207,1,12,2,0.36987650860976895,1,3,4,5,3,0.3382620256541887,0,1,1,1,0,1
208,0,24,4,0.3759572573556107,1,0,2,4,2,0.3351539346427997,1,1,5,1,0,1
209,2,12,4,0.3698410326262995,3,3,3,5,2,0.3473819304280704,0,1,1,1,0,1
210,2,9,2,0.3731463070792127,4,0,1,5,2,0.34144002131489304,1,2,1,1,0,1
211,2,36,4,0.374003596159404,4,2,2,0,4,0.34517508014159337,0,1,5,1,0,1
212,0,27,0,0.3751948307163362,1,4,2,5,4,0.346352815412462,1,2,1,0,1,1
213,3,30,3,0.3711763124089845,1,2,4,5,4,0.3492607624997913,0,1,0,0,1,1
214,2,36,2,0.3734742449981451,4,2,4,5,2,0.3465694084595632,0,1,1,1,0,1
215,1,6,2,0.36785303770919503,4,3,1,0,3,0.3435037699753355,1,2,5,1,0,1
216,0,18,0,0.3731846611979643,1,3,3,5,1,0.3406342426867164,1,1,1,1,0,1
217,3,36,4,0.3740799884996997,1,0,2,5,2,0.3365101139409041,0,1,1,1,0,1
218,0,24,4,0.3730774567259604,1,0,2,1,2,0.33712787535535405,0,1,5,1,0,1
219,2,10,4,0.369678878363798,1,0,2,0,4,0.3489515831180964,0,1,1,1,0,1
220,1,12,4,0.3657725077873227,1,1,4,4,1,0.3382620256541887,1,1,5,1,0,1
221,0,12,4,0.3690805741578244,4,0,4,0,4,0.3365101139409041,1,1,1,1,0,1
222,2,12,4,0.3664338530523184,1,0,4,5,2,0.3402040022840905,1,2,1,1,0,1
223,2,24,3,0.3730205412517487,4,0,4,5,4,0.34104578678506664,1,2,1,1,0,1
224,2,15,4,0.3747294117147473,1,0,3,5,2,0.3402040022840905,0,1,1,1,0,1
225,2,36,0,0.3724945529294221,1,0,4,5,2,0.33878461744725724,1,2,1,1,0,1
226,1,48,4,0.3776632228314283,3,3,1,5,2,0.33878461744725724,1,2,1,0,1,1
227,0,12,4,0.3765735223133964,1,2,4,5,4,0.3469859524413701,0,1,0,0,1,1
228,2,9,4,0.3700460230912943,1,3,4,5,2,0.3358536211828917,0,1,1,0,1,1
229,0,24,4,0.3732413801040872,1,1,4,5,1,0.3358536211828917,1,1,1,1,0,1
230,3,36,4,0.3743553116148737,1,0,4,5,2,0.3382620256541887,0,1,1,0,1,1
231,2,9,4,0.37232532403937535,6,2,2,5,4,0.3465694084595632,0,1,5,1,0,1
232,2,12,4,0.37166838642739175,5,3,3,5,1,0.3421814165124942,0,1,1,1,0,1
233,1,18,4,0.36748396242258347,1,0,4,4,2,0.33771074028991616,0,1,5,1,0,1
234,2,4,2,0.3702434035873589,1,3,2,5,1,0.3443799326500556,1,3,5,1,0,1
235,0,24,4,0.3709786806158165,1,4,4,5,2,0.3402040022840905,1,1,0,0,1,1
236,1,6,4,0.3785508914254913,4,4,1,5,2,0.3365101139409041,0,1,4,0,1,1
237,1,21,4,0.3727264562736837,5,2,4,1,2,0.3484628968282321,1,2,5,0,1,1
238,2,12,2,0.3694238676485028,1,0,4,0,2,0.3421814165124942,1,2,1,1,0,1
239,0,30,4,0.37234978102405053,1,2,1,5,3,0.3435037699753355,0,1,1,1,0,1
240,0,24,4,0.3677610729911159,4,2,4,0,2,0.3397535150166297,1,1,1,0,1,1
241,2,6,4,0.3703891328993902,1,3,3,5,2,0.3465694084595632,0,1,1,1,0,1
242,0,48,0,0.3746881023931372,1,2,3,5,4,0.33712787535535405,1,2,1,0,1,1
243,2,12,2,0.3690209822213654,1,0,3,0,2,0.33878461744725724,1,2,1,1,0,1
244,2,12,1,0.3735943752181444,6,0,4,0,3,0.3421814165124942,0,1,5,1,0,1
245,2,24,4,0.3693028374487475,1,3,4,5,1,0.33771074028991616,0,1,1,1,0,1
246,2,12,2,0.36650806280377213,1,2,4,5,4,0.34678036896021164,1,3,1,1,0,1
247,2,6,0,0.3690963140213639,5,0,4,5,1,0.3421814165124942,1,1,1,1,0,1
248,3,24,4,0.3712145804556565,1,0,2,5,2,0.3382620256541887,0,1,1,1,0,1
249,2,18,4,0.3636904987160632,1,4,3,0,4,0.3358536211828917,0,1,1,0,1,1
250,0,6,2,0.3661156239193666,3,3,3,0,4,0.3435037699753355,1,2,5,1,0,1
251,3,12,4,0.37187904509229,1,0,1,0,2,0.34542435085076645,0,1,5,1,0,1
252,1,30,4,0.3716861002871619,1,0,4,0,2,0.33712787535535405,1,1,1,0,1,1
253,2,24,3,0.3743024690064144,5,0,2,5,3,0.3421814165124942,1,2,1,1,0,1
254,1,9,4,0.3714423552306021,4,3,2,5,1,0.33712787535535405,0,1,1,1,0,1
255,1,60,3,0.37637539661994907,4,0,1,5,1,0.33878461744725724,0,1,5,1,0,1
256,2,24,2,0.3726034237268541,1,0,4,5,2,0.3421814165124942,1,2,5,1,0,1
257,0,12,1,0.37168413643530185,1,0,4,1,1,0.3397535150166297,0,1,1,0,1,1
258,2,15,4,0.3739807212295893,5,1,1,0,4,0.3365101139409041,0,1,1,1,0,1
259,2,11,2,0.3688948956052195,5,4,4,0,4,0.34775908412850337,1,3,5,1,0,1
260,0,12,4,0.3705589656644154,1,0,2,5,2,0.33878461744725724,0,1,1,1,0,1
261,0,24,4,0.370411486377505,1,2,4,0,4,0.3473819304280704,0,1,1,1,0,1
262,0,18,2,0.3752009400428923,1,2,2,5,4,0.34253071065961543,1,3,0,1,0,1
263,2,12,2,0.3726986808547603,1,2,2,0,4,0.34775908412850337,1,3,5,1,0,1
264,2,10,2,0.3692009380827001,1,2,3,5,4,0.34104578678506664,1,2,5,1,0,1
265,1,15,4,0.36709192707486027,1,2,4,5,3,0.34286699087144074,0,1,1,0,1,1
266,2,36,2,0.3758144195313313,4,2,4,5,4,0.34253071065961543,1,2,1,1,0,1
267,2,24,4,0.3702112160734529,1,1,4,0,3,0.3431910908111629,1,1,1,1,0,1
268,0,14,4,0.3770148916947004,1,2,1,1,4,0.34517508014159337,0,1,0,0,1,1
269,2,24,4,0.3681966595074664,4,2,4,5,2,0.33771074028991616,1,2,1,1,0,1
270,2,18,4,0.37257005694939704,4,3,4,5,3,0.34104578678506664,0,1,1,1,0,1
271,2,12,2,0.3698052239305629,6,3,3,0,4,0.34286699087144074,0,1,1,1,0,1
272,1,48,1,0.37799494171013903,4,4,4,5,4,0.34253071065961543,0,1,0,1,0,1
273,1,48,4,0.3731282570855273,1,3,4,5,4,0.3392810405265025,1,2,1,0,1,1
274,0,30,4,0.3779503506913441,1,1,1,1,1,0.34181819093076593,0,1,5,0,1,1
275,2,9,4,0.3726229887659196,1,0,1,5,2,0.34104578678506664,0,1,1,1,0,1
276,2,18,2,0.3721525630017633,1,0,2,0,2,0.3382620256541887,1,2,1,1,0,1
277,0,12,4,0.3693177098629549,4,2,2,1,4,0.3461303165564136,0,1,5,1,0,1
278,2,6,4,0.3746928966564537,1,1,1,0,4,0.34104578678506664,0,1,1,0,1,1
279,2,24,4,0.3711604367613749,5,0,4,5,4,0.3397535150166297,0,1,0,1,0,1
280,2,15,2,0.3735044014480618,3,2,3,5,4,0.3365101139409041,1,2,1,1,0,1
281,2,12,4,0.3703298113172096,1,0,4,5,2,0.346352815412462,0,1,1,1,0,1
282,3,18,1,0.3699433320418711,4,3,4,5,4,0.3461303165564136,1,1,5,1,0,1
283,2,15,2,0.3701728180092678,4,2,4,5,4,0.34879213507952683,0,1,1,1,0,1
284,1,24,2,0.3740459331645158,5,1,4,1,2,0.34286699087144074,0,1,1,1,0,1
285,0,47,4,0.3775925892765439,1,1,1,0,1,0.3421814165124942,0,1,5,1,0,1
286,0,48,4,0.3748311300609636,1,3,4,5,3,0.3382620256541887,0,1,1,1,0,1
287,1,48,3,0.3764496588370255,5,4,2,5,4,0.3406342426867164,0,1,0,1,0,1
288,1,12,4,0.3686300178268301,1,0,4,0,4,0.3461303165564136,1,2,1,1,0,1
289,0,24,3,0.3683178014774898,1,1,4,4,4,0.3459016192610386,1,1,1,0,1,1
290,2,12,4,0.3685587078824961,1,0,2,4,2,0.3382620256541887,0,1,1,1,0,1
291,1,36,4,0.37716521574531225,1,1,1,4,4,0.3392810405265025,0,1,0,0,1,1
292,0,24,2,0.37587748073436905,1,2,2,0,4,0.3449182069595081,1,2,0,1,0,1
293,3,42,2,0.3748372360723703,1,2,4,5,4,0.3475727597939736,0,1,1,1,0,1
294,2,48,2,0.3764705979076335,4,2,4,1,2,0.34542435085076645,1,2,0,1,0,1
295,1,48,4,0.3773546290807725,1,1,1,0,2,0.3382620256541887,0,1,1,0,1,1
296,2,12,4,0.3747435854383021,4,1,1,0,4,0.3344058248343126,0,1,1,1,0,1
297,2,10,4,0.3694093964888915,4,2,4,5,2,0.34517508014159337,0,1,5,1,0,1
298,2,18,4,0.3723383892640443,1,0,3,5,4,0.34465330972735314,0,1,1,1,0,1
299,1,21,2,0.3726942745117768,3,3,3,5,2,0.34104578678506664,1,2,1,1,0,1
300,2,6,4,0.3661636668794445,1,4,1,0,4,0.3471863981609548,0,1,4,1,0,1
301,1,36,0,0.3739727266969247,1,0,4,0,1,0.3443799326500556,0,1,1,0,1,1
302,3,24,2,0.3696106720794178,4,3,4,5,2,0.34286699087144074,1,2,5,0,1,1
303,0,10,2,0.3683840904210997,1,3,4,5,3,0.3461303165564136,1,2,1,1,0,1
304,2,48,2,0.3774085409701357,6,0,2,5,2,0.3449182069595081,1,1,1,0,1,1
305,2,6,4,0.3702404888061085,3,0,4,1,2,0.34144002131489304,0,1,1,1,0,1
306,2,30,4,0.374848652788663,4,3,2,0,4,0.33712787535535405,1,1,5,1,0,1
307,0,12,4,0.3665810210789989,5,1,4,4,3,0.34144002131489304,0,1,5,0,1,1
308,1,8,4,0.3692238131871156,1,0,3,0,4,0.33712787535535405,0,1,1,0,1,1
309,1,9,4,0.3608740457955178,1,0,4,4,4,0.3358536211828917,0,1,5,1,0,1
310,1,48,4,0.3752540519996581,4,4,3,5,4,0.3438057220293414,1,1,4,1,0,1
311,2,24,4,0.3753394995248013,5,0,4,5,1,0.33771074028991616,1,1,1,1,0,1
312,3,24,4,0.3739172239833306,1,1,2,0,4,0.3382620256541887,0,1,1,1,0,1
313,1,12,4,0.3662659858810237,1,3,2,4,3,0.33771074028991616,1,1,5,0,1,1
314,3,4,4,0.37009482879867817,4,1,1,5,2,0.3397535150166297,0,1,5,1,0,1
315,0,36,1,0.3726957439251027,1,2,4,5,4,0.3406342426867164,1,1,1,0,1,1
316,0,12,4,0.36644133147283137,1,0,2,5,3,0.3431910908111629,0,1,5,1,0,1
317,1,24,4,0.3744781555303176,4,0,1,0,4,0.3459016192610386,0,1,5,1,0,1
318,2,12,2,0.3663887098804547,1,0,4,5,2,0.34104578678506664,1,2,1,1,0,1
319,0,15,3,0.3738075044398733,1,2,1,0,4,0.33878461744725724,1,2,5,1,0,1
320,1,30,2,0.3743897669347098,1,4,4,4,2,0.3392810405265025,1,2,0,0,1,1
321,0,24,4,0.371243573698971,1,1,4,1,3,0.34104578678506664,0,1,1,0,1,1
322,0,24,4,0.3729285258001273,1,3,2,5,1,0.34181819093076593,0,1,0,1,0,1
323,0,18,4,0.3725654816679947,3,0,4,5,2,0.3392810405265025,0,1,1,1,0,1
324,2,18,2,0.3683368523810717,1,0,4,0,3,0.34253071065961543,1,2,1,1,0,1
325,0,8,2,0.37353885852990426,1,3,1,5,4,0.3435037699753355,1,2,5,1,0,1
326,2,12,2,0.3755219191253829,4,2,2,5,4,0.3461303165564136,0,1,1,1,0,1
327,2,24,4,0.37018763285116174,3,3,4,0,3,0.34181819093076593,0,1,1,1,0,1
328,3,36,4,0.3745807388966909,1,2,4,5,2,0.3406342426867164,0,1,1,1,0,1
329,1,6,4,0.3685225713639593,1,2,4,5,4,0.3392810405265025,0,1,1,1,0,1
330,0,24,2,0.3759819856261383,1,4,2,5,4,0.35051250494334857,1,2,0,1,0,1
331,2,18,2,0.3710753495349881,5,0,4,0,2,0.3402040022840905,1,2,1,0,1,1
332,1,60,4,0.3763708068856594,5,1,4,0,2,0.33712787535535405,0,1,0,0,1,1
333,2,48,2,0.37784092969732425,5,0,2,0,4,0.33712787535535405,1,2,5,0,1,1
334,0,24,0,0.37426522629896186,1,2,3,5,4,0.3365101139409041,1,2,1,0,1,1
335,0,6,2,0.3735228233237554,1,0,1,1,4,0.3449182069595081,0,1,0,0,1,1
336,1,13,4,0.37158857336722695,1,1,2,0,4,0.3365101139409041,0,1,5,1,0,1
337,0,15,4,0.3693656566119052,4,0,4,0,2,0.33712787535535405,0,1,1,0,1,1
338,0,24,4,0.3743186833923156,1,0,4,5,4,0.3392810405265025,0,1,1,1,0,1
339,1,10,4,0.3701757856402539,1,0,4,1,2,0.3406342426867164,0,1,5,1,0,1
340,1,24,2,0.3754862986491787,1,1,2,0,4,0.33712787535535405,1,2,1,1,0,1
341,0,21,4,0.3737608527070457,1,3,1,0,4,0.3382620256541887,0,1,5,1,0,1
342,1,18,4,0.3733204216326565,6,1,1,4,3,0.33771074028991616,0,1,1,1,0,1
343,1,18,4,0.3745524827007172,1,2,1,5,1,0.34144002131489304,1,1,0,1,0,1
344,3,10,4,0.3741146456726029,1,1,1,5,1,0.34286699087144074,0,1,5,1,0,1
345,2,15,2,0.3699872376797072,1,0,4,0,2,0.34465330972735314,0,1,5,1,0,1
346,1,13,2,0.3675764952346499,1,1,4,5,4,0.3365101139409041,1,2,1,1,0,1
347,1,24,4,0.3739263714782101,6,4,1,0,4,0.3365101139409041,0,1,4,1,0,1
348,2,6,3,0.3707823688567813,5,0,1,5,2,0.34181819093076593,1,2,5,1,0,1
349,1,9,2,0.3688197965276615,3,2,4,5,3,0.34104578678506664,1,2,1,0,1,1
350,2,9,4,0.3692200099493415,1,1,1,0,4,0.3365101139409041,0,1,1,1,0,1
351,1,9,4,0.3679950012912707,1,0,1,0,2,0.3397535150166297,0,1,1,0,1,1
352,2,18,2,0.3733398922817429,4,4,2,5,4,0.3431910908111629,0,1,0,1,0,1
353,0,12,0,0.3757556606008945,1,0,4,5,2,0.3392810405265025,1,2,1,0,1,1
354,2,10,4,0.3665810210789989,6,2,4,5,4,0.34542435085076645,0,1,1,1,0,1
355,1,24,4,0.3692578767886912,1,1,4,5,2,0.3365101139409041,1,1,5,0,1,1
356,2,12,2,0.3720247188716501,4,2,1,5,4,0.3461303165564136,0,1,1,1,0,1
357,2,36,3,0.3745724544412474,1,0,4,5,2,0.3382620256541887,1,2,0,0,1,1
358,2,12,4,0.366921648233332,1,0,4,4,2,0.3392810405265025,0,1,1,1,0,1
359,0,30,4,0.3721560005689707,1,3,4,0,4,0.3365101139409041,0,1,1,0,1,1
360,1,18,4,0.3692314085805055,4,0,4,5,4,0.3484628968282321,0,1,1,1,0,1
361,3,12,4,0.3735400009241249,4,2,2,5,3,0.34286699087144074,0,1,0,1,0,1
362,3,12,3,0.3718716006794313,1,0,2,0,2,0.34253071065961543,1,2,1,1,0,1
363,2,6,4,0.3708398923568265,1,0,1,4,2,0.3351539346427997,0,1,1,1,0,1
364,0,18,4,0.3722692406410319,1,4,4,5,1,0.33771074028991616,0,1,4,0,1,1
365,2,12,4,0.3702375717633913,1,3,2,5,4,0.34253071065961543,0,1,1,1,0,1
366,2,18,2,0.3740184279368843,1,3,3,5,1,0.33878461744725724,1,2,1,1,0,1
367,0,18,4,0.37381486519817897,1,1,1,0,4,0.3358536211828917,0,1,1,1,0,1
368,0,36,4,0.3735932515310611,1,2,4,5,2,0.3443799326500556,0,1,1,0,1,1
369,1,18,4,0.37305110415421816,1,3,2,0,4,0.3438057220293414,0,1,1,1,0,1
370,2,36,4,0.3731527300167834,4,0,4,5,4,0.34253071065961543,0,1,1,1,0,1
371,2,18,2,0.3756818633477437,1,2,3,5,4,0.34144002131489304,1,2,1,1,0,1
372,2,10,2,0.3716782383587561,1,1,1,0,3,0.3365101139409041,1,2,1,1,0,1
373,2,60,2,0.3783771990412949,4,2,2,5,4,0.34879213507952683,1,1,0,1,0,1
374,1,60,1,0.3785982444128044,5,2,3,0,4,0.3482928352666628,1,2,0,0,1,1
375,0,48,1,0.3764953519151527,1,3,2,0,4,0.34286699087144074,0,1,1,0,1,1
376,2,18,3,0.372005043353996,1,4,2,4,3,0.34181819093076593,1,2,1,1,0,1
377,2,7,3,0.3673653356665378,4,2,3,5,4,0.34253071065961543,0,1,1,1,0,1
378,1,36,4,0.37850053759310187,1,2,4,5,2,0.34775908412850337,0,1,0,0,1,1
379,2,6,2,0.36260751630673377,5,0,4,0,4,0.34678036896021164,1,2,5,1,0,1
380,0,20,4,0.3718057834250536,4,3,4,5,4,0.3435037699753355,0,1,1,1,0,1
381,1,18,4,0.3781960566831978,1,4,3,0,4,0.3431910908111629,0,1,0,0,1,1
382,2,22,4,0.3693948711811293,4,3,4,0,4,0.33771074028991616,0,1,1,1,0,1
383,3,12,4,0.3695621985914254,1,1,4,5,1,0.3382620256541887,0,1,1,1,0,1
384,2,30,3,0.3744099133604251,5,0,2,5,2,0.3382620256541887,1,2,5,1,0,1
385,2,18,2,0.3718547930785933,1,0,2,0,1,0.33771074028991616,1,2,1,1,0,1
386,2,18,4,0.3687774524137397,4,1,4,0,2,0.3351539346427997,0,1,1,1,0,1
387,1,18,2,0.3763551477893585,1,4,4,5,4,0.3438057220293414,1,2,0,1,0,1
388,1,15,2,0.3720157891381989,6,0,2,5,4,0.33878461744725724,1,1,1,1,0,1
389,2,9,4,0.3699559283540391,1,3,3,0,2,0.33878461744725724,1,2,1,1,0,1
390,2,18,4,0.3709715057017137,1,0,2,4,2,0.3402040022840905,0,1,0,1,0,1
391,1,12,4,0.3681171886599096,3,1,1,0,4,0.3336031157753859,0,1,5,1,0,1
392,0,36,4,0.3733640713049564,1,3,2,5,4,0.3435037699753355,1,1,0,1,0,1
393,0,6,2,0.3712855344614599,1,3,1,0,4,0.3406342426867164,0,1,1,1,0,1
394,2,9,2,0.3721560005689707,1,4,2,5,3,0.3406342426867164,0,1,0,1,0,1
395,1,39,3,0.3778870534563568,5,3,2,5,3,0.34104578678506664,0,1,1,1,0,1
396,0,12,4,0.3724395881790649,1,4,3,0,4,0.3473819304280704,0,1,0,1,0,1
397,0,36,2,0.3720549108748344,1,0,3,4,2,0.34542435085076645,1,2,1,1,0,1
398,1,12,4,0.3691702284429677,1,2,1,1,1,0.34542435085076645,1,2,1,0,1,1
399,2,24,2,0.3701609240699671,3,0,4,0,1,0.34465330972735314,1,2,5,1,0,1
400,2,18,4,0.3700306413907444,1,1,3,4,4,0.3435037699753355,0,1,1,1,0,1
401,1,18,2,0.37112847552221856,4,0,4,4,4,0.3392810405265025,1,2,1,1,0,1
402,2,24,3,0.3768909496742802,1,1,2,5,2,0.33878461744725724,1,2,1,0,1,1
403,2,14,3,0.36709192707486027,1,0,4,5,2,0.33878461744725724,1,2,5,1,0,1
404,1,18,3,0.3729134024784838,4,2,4,5,4,0.34465330972735314,0,1,1,1,0,1
405,1,24,4,0.3714612238888475,1,1,1,4,1,0.3358536211828917,0,1,1,0,1,1
406,2,24,2,0.3717771964287943,4,3,4,5,4,0.34465330972735314,1,2,1,1,0,1
407,0,15,4,0.36845392638768776,1,1,4,4,2,0.33878461744725724,0,1,1,1,0,1
408,2,24,4,0.3733471644797197,6,2,3,1,2,0.3382620256541887,0,1,0,1,0,1
409,3,12,2,0.3678903168072489,6,3,4,4,2,0.3392810405265025,1,3,1,0,1,1
410,1,24,4,0.37130742473387934,1,2,4,0,4,0.3344058248343126,0,1,1,1,0,1
411,2,33,2,0.3762987317139749,1,3,3,5,2,0.3421814165124942,1,2,0,1,0,1
412,2,12,2,0.3719544567133996,1,4,4,5,2,0.3443799326500556,1,2,0,0,1,1
413,2,10,4,0.3703947338175353,6,0,3,5,2,0.3438057220293414,0,1,5,1,0,1
414,0,24,4,0.3697359167665513,4,0,4,0,2,0.3421814165124942,0,1,1,0,1,1
415,2,36,2,0.37554684945993183,1,2,2,5,2,0.3421814165124942,1,2,1,1,0,1
416,0,12,4,0.3724411708319527,1,1,4,5,1,0.34144002131489304,0,1,5,0,1,1
417,0,18,3,0.3768221922329961,4,0,1,0,2,0.3365101139409041,1,2,1,1,0,1
418,2,21,4,0.372748225459473,6,3,1,0,2,0.3406342426867164,1,1,0,1,0,1
419,1,18,4,0.3684028319554705,4,0,4,0,2,0.34144002131489304,0,1,1,0,1,1
420,2,15,4,0.3732873043498265,3,3,2,0,3,0.3344058248343126,0,1,1,1,0,1
421,1,12,4,0.3714381486801078,4,0,4,5,2,0.3402040022840905,0,1,1,1,0,1
422,1,12,2,0.36798983005411945,1,3,2,5,3,0.3456664097071358,1,2,5,1,0,1
423,2,21,3,0.3703779058260381,5,3,4,5,3,0.34181819093076593,1,2,0,1,0,1
424,1,12,4,0.37271916886155865,4,2,1,0,2,0.33771074028991616,1,1,1,0,1,1
425,1,18,4,0.37274388273822345,1,0,1,4,3,0.3351539346427997,0,1,1,1,0,1
426,2,28,2,0.3726913337855933,1,2,4,5,2,0.3397535150166297,1,2,1,1,0,1
427,2,18,2,0.3688741770841867,3,0,4,5,3,0.34542435085076645,1,2,1,1,0,1
428,2,9,4,0.3695025075926645,1,2,1,5,4,0.3344058248343126,0,1,1,1,0,1
429,0,18,2,0.3690409466212559,1,4,2,0,4,0.3473819304280704,1,3,4,0,1,1
430,2,5,4,0.3735954985215748,1,3,1,5,4,0.3503834811372257,0,1,5,1,0,1
431,1,24,4,0.3777682944577118,1,0,2,5,3,0.3397535150166297,1,2,0,0,1,1
432,0,6,2,0.37109391631219096,1,4,4,5,4,0.34253071065961543,1,3,0,1,0,1
433,2,24,2,0.371500734416884,1,0,4,1,2,0.34144002131489304,1,2,1,1,0,1
434,0,9,4,0.3716585071192533,1,0,3,5,2,0.33771074028991616,0,1,1,1,0,1
435,1,12,4,0.3700643990624313,4,0,2,4,1,0.33771074028991616,0,1,1,0,1,1
436,2,6,4,0.3660670491946149,6,3,2,4,4,0.3365101139409041,0,1,5,1,0,1
437,2,24,2,0.3694093964888915,3,2,4,0,4,0.34286699087144074,1,2,1,1,0,1
438,0,42,2,0.37353428499138935,1,4,4,5,4,0.34910775274979705,1,2,4,1,0,1
439,3,12,1,0.3656310565948529,1,1,4,0,1,0.3382620256541887,0,1,4,0,1,1
440,2,12,4,0.3711215899247435,1,2,4,5,4,0.3435037699753355,0,1,0,1,0,1
441,0,12,4,0.3704585477654412,1,0,2,0,3,0.3402040022840905,0,1,1,1,0,1
442,1,20,3,0.3725193902306325,1,0,2,5,3,0.3397535150166297,1,2,1,1,0,1
443,2,12,4,0.3665227533251736,1,2,4,5,4,0.34409758202147595,1,1,5,0,1,1
444,1,48,2,0.3750579806080369,1,0,2,0,3,0.3402040022840905,0,1,0,0,1,1
445,2,9,2,0.3692503327268963,4,2,4,0,4,0.34409758202147595,1,2,5,1,0,1
446,0,36,4,0.3710237972362295,1,1,4,0,4,0.34181819093076593,0,1,1,0,1,1
447,1,7,4,0.3724364206920493,1,0,2,5,2,0.3421814165124942,0,1,1,1,0,1
448,3,12,4,0.36987650860976895,4,2,3,0,4,0.3473819304280704,0,1,0,1,0,1
449,1,15,3,0.3701489925012473,3,0,3,4,3,0.3484628968282321,1,2,1,0,1,1
450,2,36,2,0.3776902286682581,4,0,4,5,2,0.3402040022840905,0,1,0,1,0,1
451,2,6,4,0.3647292842243248,1,0,3,0,1,0.3397535150166297,0,1,1,1,0,1
452,2,12,0,0.3727147889247289,1,2,2,5,4,0.34181819093076593,1,2,1,1,0,1
453,2,24,4,0.3725822279398648,1,2,4,5,4,0.3421814165124942,0,1,0,1,0,1
454,0,24,4,0.3748532078195356,1,3,2,5,3,0.3406342426867164,0,1,1,0,1,1
455,2,24,4,0.3725958688463845,1,1,4,0,1,0.3397535150166297,0,1,0,1,0,1
456,0,11,2,0.3740722360479243,1,0,2,5,2,0.34253071065961543,1,2,1,1,0,1
457,0,12,4,0.3735251188451115,1,2,3,5,4,0.3421814165124942,0,1,1,0,1,1
458,0,6,4,0.3622721907923833,1,1,4,0,1,0.33878461744725724,0,1,1,1,0,1
459,2,18,4,0.3746792938845603,1,1,3,5,2,0.34104578678506664,0,1,1,1,0,1
460,0,36,4,0.3737832014836257,1,0,1,5,2,0.34286699087144074,0,1,1,1,0,1
461,0,15,4,0.3707264923062021,1,1,2,5,3,0.34253071065961543,0,1,1,1,0,1
462,1,12,4,0.3730722027132725,1,1,3,0,1,0.34181819093076593,0,1,0,1,0,1
463,1,12,4,0.36677205173265504,4,2,4,5,4,0.3431910908111629,1,2,1,1,0,1
464,2,18,4,0.3712701318862625,1,3,4,5,1,0.34181819093076593,1,2,1,1,0,1
465,0,24,4,0.3729476763172775,1,0,3,5,4,0.34879213507952683,1,1,1,1,0,1
466,0,24,3,0.37056431716228383,1,1,4,0,2,0.3397535150166297,0,1,5,0,1,1
467,2,48,3,0.3762916618663318,4,2,3,5,3,0.34104578678506664,1,2,1,1,0,1
468,2,33,3,0.37272208569631105,1,0,2,0,2,0.3382620256541887,1,2,1,1,0,1
469,2,24,3,0.3747467264799932,1,3,3,5,3,0.3421814165124942,1,2,5,1,0,1
470,1,24,4,0.37316937223745794,5,1,3,4,2,0.3358536211828917,0,1,1,0,1,1
471,0,6,4,0.3638912427788875,1,1,4,0,4,0.3365101139409041,0,1,1,0,1,1
472,0,9,4,0.366017931769569,1,0,4,5,3,0.3392810405265025,0,1,5,0,1,1
473,2,6,4,0.36922761272862215,4,4,4,5,4,0.34253071065961543,0,1,0,1,0,1
474,1,18,2,0.3692541065795933,1,0,4,4,2,0.34144002131489304,0,1,1,0,1,1
475,0,18,0,0.3731973488416918,1,1,1,0,4,0.3382620256541887,0,1,1,0,1,1
476,2,39,4,0.3724253115190276,6,0,4,5,4,0.33712787535535405,0,1,1,1,0,1
477,3,24,4,0.3750975027969788,1,3,4,5,2,0.33771074028991616,1,1,1,1,0,1
478,1,12,4,0.3683793914045702,5,3,3,5,4,0.3435037699753355,0,1,5,1,0,1
479,0,15,2,0.3700460230912943,1,2,4,5,4,0.3449182069595081,1,2,1,1,0,1
480,1,12,2,0.3737329693460689,1,0,1,0,1,0.3365101139409041,0,1,5,1,0,1
481,1,24,4,0.3690845150377186,1,1,4,5,1,0.3382620256541887,0,1,1,1,0,1
482,0,30,4,0.37378532198333503,3,2,4,0,4,0.34775908412850337,1,2,1,1,0,1
483,2,15,3,0.3680001660064539,3,3,3,0,2,0.3402040022840905,1,2,1,1,0,1
484,2,12,2,0.3689319178065832,6,0,4,5,4,0.3449182069595081,0,1,1,1,0,1
485,1,6,3,0.3691159005769679,1,4,4,5,4,0.3456664097071358,0,1,0,0,1,1
486,2,12,4,0.3731501623192448,1,0,2,5,4,0.34678036896021164,0,1,1,1,0,1
487,2,24,4,0.3739253563619467,1,2,4,0,4,0.3486292836319043,0,1,1,1,0,1
488,2,10,4,0.36985719897372404,5,0,3,5,2,0.3421814165124942,0,1,5,1,0,1
489,2,6,4,0.3736731907242534,1,0,2,5,3,0.3382620256541887,0,1,1,1,0,1
490,2,12,2,0.3712346774276801,1,2,2,5,2,0.3382620256541887,1,2,1,1,0,1
491,1,27,0,0.37676140226981575,1,2,2,0,4,0.3443799326500556,1,2,0,0,1,1
492,2,6,2,0.3692238131871156,5,0,1,0,1,0.33878461744725724,1,2,1,1,0,1
493,1,6,4,0.36270888404215584,4,2,4,5,4,0.3431910908111629,0,1,1,1,0,1
494,0,12,2,0.3716306982011545,1,0,3,5,2,0.3435037699753355,1,2,5,1,0,1
495,0,24,4,0.3730444836160343,4,0,2,4,4,0.3344058248343126,0,1,1,0,1,1
496,1,36,4,0.3770354002050089,5,1,4,5,1,0.3397535150166297,0,1,0,0,1,1
497,2,24,2,0.3703610017705808,1,3,4,5,3,0.3438057220293414,1,2,1,1,0,1
498,1,18,4,0.36945981108531256,1,2,4,4,2,0.34104578678506664,0,1,5,1,0,1
499,3,6,2,0.3695377315327297,5,2,2,1,4,0.3392810405265025,1,2,1,1,0,1
500,0,24,4,0.373208726704752,1,1,4,0,1,0.33878461744725724,0,1,1,0,1,1
501,0,36,4,0.3753278094783801,1,2,2,5,4,0.3443799326500556,0,1,1,1,0,1
502,3,9,4,0.3687774524137397,5,2,2,1,4,0.3461303165564136,0,1,1,1,0,1
503,1,24,2,0.3691431585896383,5,1,4,5,4,0.3431910908111629,1,2,1,0,1,1
504,0,24,4,0.36910807767387005,1,1,4,0,4,0.33712787535535405,0,1,1,0,1,1
505,2,10,4,0.3694883276865781,4,0,4,5,4,0.33878461744725724,0,1,5,0,1,1
506,3,15,2,0.3720760672121651,6,0,2,5,2,0.34253071065961543,0,1,1,1,0,1
507,1,15,1,0.3761026340985301,5,4,1,5,2,0.34181819093076593,0,1,0,0,1,1
508,2,24,4,0.3698410326262995,1,0,4,4,2,0.3392810405265025,0,1,1,1,0,1
509,2,39,4,0.3768678262346661,5,2,4,5,2,0.34517508014159337,0,1,0,1,0,1
510,0,12,4,0.3668065135251521,1,3,4,5,2,0.3382620256541887,0,1,1,0,1,1
511,2,36,4,0.3747522157469162,1,0,2,5,2,0.34104578678506664,0,1,0,1,0,1
512,3,15,4,0.3726079486692556,1,3,2,5,4,0.3382620256541887,0,1,1,1,0,1
513,1,12,3,0.3654101161297093,1,0,4,4,4,0.3344058248343126,1,2,1,1,0,1
514,2,24,4,0.37188647381921774,4,1,4,5,1,0.3471863981609548,0,1,1,1,0,1
515,0,6,2,0.3656310565948529,1,3,4,0,3,0.34286699087144074,1,2,1,1,0,1
516,0,6,2,0.36966872421622377,1,1,2,5,4,0.3438057220293414,0,1,5,1,0,1
517,2,36,2,0.3762388100583505,1,1,2,0,4,0.3365101139409041,1,2,1,0,1,1
518,0,6,4,0.3690923849621871,5,2,3,5,2,0.34465330972735314,0,1,1,1,0,1
519,2,6,2,0.36638114018861095,4,2,4,5,4,0.34253071065961543,1,2,1,1,0,1
520,2,24,2,0.3753369055920921,1,2,3,5,4,0.3449182069595081,1,2,1,1,0,1
521,0,18,4,0.3732922314461592,1,0,2,0,2,0.33712787535535405,0,1,1,0,1,1
522,0,48,0,0.3762349640106125,1,0,3,5,4,0.3469859524413701,1,2,1,0,1,1
523,2,24,4,0.37364011884281945,5,3,3,0,4,0.3365101139409041,0,1,1,1,0,1
524,1,18,4,0.3687217223122051,1,0,4,0,4,0.3382620256541887,0,1,5,1,0,1
525,1,26,4,0.3766164806914651,1,1,2,5,3,0.3402040022840905,1,2,1,1,0,1
526,2,15,2,0.3702082762358628,5,0,4,0,3,0.3406342426867164,0,1,1,1,0,1
527,2,4,2,0.3701220077395661,1,3,2,5,1,0.3443799326500556,1,2,5,1,0,1
528,0,36,4,0.3719726071343657,1,0,4,1,4,0.3406342426867164,0,1,1,0,1,1
529,0,6,4,0.3660833005228731,1,1,3,5,4,0.34409758202147595,0,1,5,1,0,1
530,1,36,4,0.3719197106140229,1,3,3,5,1,0.34104578678506664,1,2,1,1,0,1
531,1,15,4,0.3725224823130716,5,0,2,0,4,0.3392810405265025,1,2,1,0,1,1
532,2,12,3,0.3701220077395661,1,0,4,4,4,0.34409758202147595,0,1,1,1,0,1
533,2,24,4,0.3694954241355319,5,3,4,4,3,0.3382620256541887,0,1,1,1,0,1
534,2,24,4,0.3731859321302559,4,1,4,5,2,0.33771074028991616,1,2,1,1,0,1
535,3,21,2,0.372003249184961,1,1,2,1,1,0.34144002131489304,0,1,1,0,1,1
536,0,6,4,0.3697125329455467,4,4,4,0,3,0.35051250494334857,0,1,0,1,0,1
537,1,18,2,0.3737747056860766,1,2,3,0,4,0.34286699087144074,0,1,1,1,0,1
538,0,48,4,0.37652948394100816,1,2,4,5,4,0.3443799326500556,1,1,0,0,1,1
539,3,18,4,0.3731140064642165,1,1,1,0,1,0.34517508014159337,1,1,5,1,0,1
540,1,12,4,0.3702141536167082,1,1,1,4,1,0.3365101139409041,0,1,1,0,1,1
541,2,24,3,0.37144655685395617,1,2,4,5,4,0.3482928352666628,1,2,1,1,0,1
542,0,30,4,0.3758398035174806,4,2,4,5,4,0.3406342426867164,0,1,1,0,1,1
543,3,18,4,0.3728648281649147,1,0,2,5,1,0.34181819093076593,0,1,5,0,1,1
544,2,12,2,0.3692916457766587,1,2,4,5,4,0.3484628968282321,1,2,5,1,0,1
545,0,24,3,0.36957263718316496,1,4,4,5,2,0.34465330972735314,1,2,1,0,1,1
546,2,24,2,0.3714254993581282,1,0,4,0,4,0.34286699087144074,0,1,1,1,0,1
547,2,24,4,0.3702666408130165,1,3,3,5,1,0.34104578678506664,1,1,1,1,0,1
548,0,12,1,0.3657812009744197,1,0,4,0,4,0.33712787535535405,1,1,5,0,1,1
549,2,48,2,0.3769704416276734,4,3,2,5,1,0.3421814165124942,1,2,1,1,0,1
550,2,12,2,0.3681818764696288,4,3,4,0,4,0.3365101139409041,1,2,1,1,0,1
551,2,6,1,0.3707999714480472,6,2,2,5,4,0.34517508014159337,1,1,5,1,0,1
552,0,48,4,0.3761766631007247,1,3,1,4,1,0.34181819093076593,1,2,1,0,1,1
553,1,12,2,0.3713680195521112,5,1,4,5,1,0.33878461744725724,0,1,1,1,0,1
554,1,9,4,0.3690766293230549,1,3,4,0,4,0.3494107248458537,1,2,0,1,0,1
555,1,12,4,0.3695656812606565,1,1,2,5,1,0.3358536211828917,1,1,1,0,1,1
556,1,18,0,0.3719288876493752,5,1,3,0,3,0.3392810405265025,1,2,1,0,1,1
557,2,21,0,0.3749912106903975,4,0,1,0,4,0.3397535150166297,1,2,1,0,1,1
558,0,24,1,0.3737102733618003,1,3,3,5,4,0.33878461744725724,1,1,1,0,1,1
559,1,18,2,0.37122129185692143,1,1,2,5,2,0.3406342426867164,1,2,5,0,1,1
560,0,24,4,0.373001801009466,4,2,4,5,4,0.3461303165564136,1,1,1,1,0,1
561,0,24,1,0.3702492263784485,1,3,4,5,4,0.33712787535535405,1,1,5,0,1,1
562,3,6,3,0.3662503995564232,1,1,2,0,1,0.3397535150166297,1,1,1,1,0,1
563,1,36,4,0.3780512593329025,4,0,1,5,4,0.34286699087144074,0,1,1,0,1,1
564,1,24,3,0.3747725207396745,4,0,4,5,2,0.34286699087144074,1,2,0,1,0,1
565,1,24,3,0.3702695353864598,5,3,3,0,2,0.3365101139409041,1,2,1,1,0,1
566,0,12,4,0.36970582559003395,1,3,2,1,3,0.34253071065961543,0,1,1,0,1,1
567,2,24,2,0.3724395881790649,3,2,2,5,2,0.34181819093076593,0,1,1,1,0,1
568,1,48,4,0.374143244474375,4,3,4,5,1,0.34409758202147595,1,2,1,1,0,1
569,0,48,4,0.37605598348749575,1,0,3,0,2,0.3406342426867164,0,1,1,0,1,1
570,0,24,4,0.37334595355111777,1,1,4,0,4,0.3365101139409041,0,1,5,0,1,1
571,2,30,2,0.3756139251802307,1,3,3,5,2,0.3431910908111629,0,1,1,1,0,1
572,2,24,4,0.375288517270045,4,4,2,0,4,0.3382620256541887,0,1,0,1,0,1
573,0,15,4,0.3671175276143724,1,0,4,0,4,0.3358536211828917,0,1,5,1,0,1
574,1,9,4,0.3685855981459481,1,2,4,5,4,0.33878461744725724,1,2,5,1,0,1
575,2,15,2,0.3727568943203598,1,3,2,0,3,0.33712787535535405,1,2,1,1,0,1
576,1,12,4,0.3729558505650756,1,3,2,0,1,0.33878461744725724,0,1,1,1,0,1
577,2,24,2,0.3712190561058141,4,0,3,0,2,0.34144002131489304,1,2,1,1,0,1
578,1,36,2,0.3728027588461157,1,1,4,1,4,0.33878461744725724,1,2,1,0,1,1
579,2,24,4,0.3678797000652501,1,1,4,4,3,0.33878461744725724,1,2,5,1,0,1
580,1,18,2,0.3684677494532187,1,2,3,5,3,0.3402040022840905,1,2,1,0,1,1
581,1,12,2,0.3732099885244062,1,1,1,5,3,0.3461303165564136,1,2,5,1,0,1
582,2,9,4,0.3697591588191689,1,0,4,0,2,0.3382620256541887,0,1,1,1,0,1
583,1,36,4,0.3721179997472604,1,1,4,5,1,0.34144002131489304,0,1,5,0,1,1
584,2,12,4,0.3716525663345863,4,2,4,0,4,0.34678036896021164,0,1,0,1,0,1
585,0,18,4,0.3714612238888475,1,0,1,0,4,0.3344058248343126,1,1,1,0,1,1
586,0,9,2,0.3727727301119255,1,0,2,5,2,0.34253071065961543,1,2,1,1,0,1
587,0,12,4,0.3694166388138416,1,0,4,5,1,0.3351539346427997,0,1,5,1,0,1
588,0,18,4,0.3691470371752794,1,0,4,4,3,0.3456664097071358,0,1,5,0,1,1
589,0,12,2,0.3718697371180661,1,2,3,5,3,0.3482928352666628,1,2,1,0,1,1
590,0,12,2,0.3629852873302435,1,3,4,0,3,0.3479410895948148,1,4,5,1,0,1
591,1,24,3,0.3713030572928313,4,0,4,0,4,0.3443799326500556,1,2,1,1,0,1
592,2,21,4,0.3703241123142048,3,2,4,0,4,0.34253071065961543,1,1,5,1,0,1
593,1,24,4,0.3726543593982311,1,0,3,0,4,0.3344058248343126,0,1,5,0,1,1
594,0,24,1,0.3696585431716345,4,2,4,5,3,0.3438057220293414,1,1,0,0,1,1
595,1,6,1,0.36784768444848176,5,1,1,0,1,0.34104578678506664,1,1,5,0,1,1
596,0,24,4,0.3699338573522447,1,3,4,0,4,0.3365101139409041,1,2,1,0,1,1
597,1,24,0,0.3743827294904594,1,0,1,5,4,0.34253071065961543,1,3,5,0,1,1
598,2,18,2,0.3727380838158084,1,3,2,5,2,0.3406342426867164,1,2,1,0,1,1
599,2,24,3,0.37403122734138416,1,0,1,5,2,0.34104578678506664,0,1,1,1,0,1
600,1,7,4,0.3720211497072214,1,1,1,0,1,0.34517508014159337,0,1,1,1,0,1
601,1,9,4,0.3677774517453371,1,0,4,0,1,0.3402040022840905,0,1,1,0,1,1
602,1,24,1,0.3710119784124147,1,3,4,0,4,0.34181819093076593,1,1,5,0,1,1
603,2,36,4,0.37348239115275533,1,0,4,0,2,0.3392810405265025,0,1,0,0,1,1
604,3,10,4,0.3693656566119052,1,1,4,0,2,0.3365101139409041,0,1,1,1,0,1
605,0,24,1,0.3728141289301852,6,0,4,5,4,0.3358536211828917,1,1,1,1,0,1
606,2,24,2,0.37462428726303176,1,0,3,5,2,0.3503834811372257,0,1,0,1,0,1
607,1,36,4,0.3725837462800893,5,0,4,0,4,0.346352815412462,0,1,1,0,1,1
608,2,18,4,0.3714862285694331,1,1,4,5,1,0.34144002131489304,0,1,1,1,0,1
609,2,15,4,0.3694562317023047,4,2,4,5,4,0.34517508014159337,1,1,1,1,0,1
610,0,12,4,0.3666811328504749,5,4,4,0,3,0.3358536211828917,0,1,1,0,1,1
611,3,10,4,0.369235200749392,5,2,1,0,4,0.3459016192610386,0,1,5,0,1,1
612,0,21,4,0.3734916765245249,3,1,4,0,2,0.3397535150166297,1,1,1,1,0,1
613,0,24,1,0.37379590386725603,1,0,1,0,4,0.3358536211828917,1,1,1,1,0,1
614,2,18,3,0.370942664372508,1,3,4,0,1,0.3358536211828917,0,1,1,0,1,1
615,1,48,0,0.3780039794745124,4,0,2,5,2,0.3459016192610386,1,1,0,1,0,1
616,1,60,3,0.3770799335168506,4,0,2,5,2,0.33878461744725724,0,1,0,1,0,1
617,0,6,2,0.3738420605482443,1,0,1,5,3,0.34286699087144074,1,3,1,1,0,1
618,1,30,4,0.3735876273322885,5,0,2,0,4,0.3351539346427997,0,1,1,0,1,1
619,2,12,4,0.36590115001914253,1,0,4,1,2,0.3461303165564136,0,1,5,1,0,1
620,1,21,2,0.3738169652236383,1,3,2,5,3,0.33878461744725724,1,2,1,1,0,1
621,2,18,2,0.3702023896643703,1,0,3,5,2,0.34104578678506664,1,2,1,0,1,1
622,2,48,4,0.3740809562473354,4,0,4,1,2,0.3431910908111629,1,1,1,0,1,1
623,0,12,4,0.3710613620215664,1,1,4,0,1,0.3358536211828917,0,1,1,1,0,1
624,0,18,4,0.372474239727906,1,0,4,5,4,0.34910775274979705,1,2,1,0,1,1
625,2,15,4,0.3713335188538439,4,2,4,5,2,0.3421814165124942,0,1,1,1,0,1
626,3,6,4,0.37161871326737217,1,0,2,5,2,0.34409758202147595,0,1,1,1,0,1
627,1,9,1,0.36991801358368703,5,3,2,5,3,0.3397535150166297,0,1,1,0,1,1
628,2,42,2,0.3742024865413641,6,0,4,5,4,0.34253071065961543,1,2,1,1,0,1
629,2,9,4,0.3740006216258088,4,2,1,5,4,0.3489515831180964,0,1,5,1,0,1
630,0,24,4,0.3738253518233471,1,0,2,0,4,0.3392810405265025,0,1,1,1,0,1
631,0,18,1,0.3702695353864598,1,0,4,5,3,0.3449182069595081,1,1,1,0,1,1
632,1,15,4,0.3699401764335079,4,1,4,5,1,0.3365101139409041,0,1,1,1,0,1
633,2,9,4,0.3713356848590183,1,1,2,0,2,0.3336031157753859,1,2,1,0,1,1
634,1,24,4,0.3696483350977493,1,1,3,0,4,0.33771074028991616,0,1,5,0,1,1
635,2,12,4,0.3697756743669429,1,2,4,5,4,0.3456664097071358,1,3,1,1,0,1
636,2,24,4,0.3697192285968314,6,3,4,0,1,0.3392810405265025,0,1,1,1,0,1
637,2,60,3,0.3787724789535972,1,3,2,5,4,0.3351539346427997,1,2,1,1,0,1
638,2,12,4,0.3700917968172529,1,1,4,0,3,0.34181819093076593,0,1,1,1,0,1
639,0,42,3,0.374494351683094,1,3,3,5,2,0.3382620256541887,1,2,1,0,1,1
640,0,18,4,0.3667442813153989,1,4,4,0,1,0.33878461744725724,0,1,4,0,1,1
641,1,15,4,0.3694847745763652,1,2,4,5,4,0.3431910908111629,1,2,5,1,0,1
642,2,15,4,0.3747024633073834,5,0,3,5,2,0.3438057220293414,0,1,0,0,1,1
643,2,24,2,0.37104497505757145,1,3,4,4,2,0.34144002131489304,1,2,1,1,0,1
644,0,18,2,0.3711123887797649,1,3,4,4,1,0.34104578678506664,1,2,0,1,0,1
645,2,36,3,0.3766223854217183,4,1,4,5,4,0.33878461744725724,1,2,1,0,1,1
646,0,30,0,0.3746704606446785,1,0,2,1,2,0.34104578678506664,1,2,1,1,0,1
647,2,12,4,0.3697525326060075,6,0,2,0,2,0.3382620256541887,0,1,1,0,1,1
648,3,24,4,0.3679325116032177,1,3,4,5,3,0.3431910908111629,1,1,1,0,1,1
649,0,12,4,0.3662581996741496,1,0,4,5,4,0.3438057220293414,0,1,5,0,1,1
650,0,48,4,0.376401876128758,1,3,4,5,1,0.346352815412462,0,1,0,1,0,1
651,1,12,4,0.3712078565867041,1,0,4,5,2,0.34286699087144074,0,1,5,0,1,1
652,0,24,4,0.3719744170297815,1,2,4,5,1,0.34517508014159337,0,1,1,0,1,1
653,1,36,3,0.3766667062972542,5,2,2,5,4,0.3443799326500556,1,4,0,0,1,1
654,2,24,2,0.3720513723527461,1,3,4,5,3,0.3421814165124942,1,2,1,1,0,1
655,0,14,4,0.3741375450090992,1,4,1,5,4,0.3358536211828917,0,1,1,1,0,1
656,1,12,4,0.3676106714931371,1,2,4,5,4,0.34409758202147595,1,1,5,0,1,1
657,2,48,4,0.3774387528244604,4,3,4,5,3,0.34286699087144074,1,1,1,1,0,1
658,1,30,0,0.3743650675598045,1,0,2,0,1,0.3392810405265025,1,2,1,1,0,1
659,1,18,2,0.3758458418832264,1,2,2,5,1,0.34409758202147595,0,1,1,1,0,1
660,3,12,4,0.36944547367414704,1,0,3,4,4,0.3365101139409041,0,1,1,1,0,1
661,0,12,4,0.36767819155532105,4,0,4,4,2,0.3365101139409041,0,1,1,0,1,1
662,2,21,4,0.3718604045139319,1,2,4,5,2,0.346352815412462,1,2,1,1,0,1
663,1,6,3,0.36844005568815,1,4,4,5,1,0.3421814165124942,1,2,0,1,0,1
664,3,6,2,0.3684261370503024,1,0,2,0,4,0.346352815412462,0,1,5,1,0,1
665,2,24,2,0.3758199560989018,1,4,4,5,2,0.33878461744725724,1,2,0,1,0,1
666,1,30,1,0.3736489706469857,3,0,4,5,2,0.34181819093076593,1,1,1,1,0,1
667,2,48,1,0.37377151405503545,1,0,1,0,1,0.33878461744725724,1,1,1,1,0,1
668,0,12,2,0.3748728698678175,1,2,3,5,4,0.34465330972735314,1,2,1,0,1,1
669,3,30,2,0.3730722027132725,1,2,4,5,4,0.3456664097071358,0,1,1,1,0,1
670,2,24,2,0.3742916135260421,5,0,3,5,3,0.33878461744725724,1,2,5,1,0,1
671,2,36,4,0.3754856808282144,5,3,2,5,2,0.3406342426867164,1,2,1,1,0,1
672,2,60,4,0.3774839342917759,1,2,2,5,4,0.3443799326500556,0,1,0,1,0,1
673,2,6,2,0.3715459450311691,6,0,1,4,2,0.33712787535535405,0,1,1,1,0,1
674,2,21,3,0.37244275275858857,6,1,4,5,2,0.34409758202147595,1,1,5,0,1,1
675,2,30,2,0.3746275496666242,1,3,4,0,4,0.3382620256541887,0,1,0,1,0,1
676,2,24,2,0.3750960999507015,1,2,4,5,4,0.34144002131489304,0,1,1,1,0,1
677,1,72,4,0.3753934699784308,5,0,2,4,2,0.33712787535535405,0,1,1,0,1,1
678,0,24,4,0.3721179997472604,1,2,4,5,4,0.3489515831180964,1,1,5,1,0,1
679,2,18,4,0.3699684830640004,1,1,3,0,1,0.3382620256541887,0,1,1,1,0,1
680,2,6,4,0.3702258809126349,1,1,1,0,2,0.3475727597939736,0,1,1,1,0,1
681,2,12,4,0.3719307201880319,4,0,4,5,4,0.34286699087144074,0,1,1,1,0,1
682,2,15,3,0.3700460230912943,1,0,4,4,3,0.34144002131489304,1,2,1,1,0,1
683,2,24,2,0.3750629485710413,1,1,3,4,3,0.3456664097071358,1,3,1,1,0,1
684,1,36,3,0.3773208542829434,5,3,1,5,3,0.3406342426867164,1,2,5,1,0,1
685,2,60,4,0.37593551710905604,4,0,4,5,4,0.34181819093076593,0,1,1,1,0,1
686,3,10,2,0.3696209804079073,4,3,4,5,2,0.33878461744725724,1,2,1,1,0,1
687,1,36,3,0.3728620313361477,5,2,4,5,3,0.3402040022840905,0,1,1,1,0,1
688,2,9,4,0.3727060121367195,5,2,3,5,4,0.3421814165124942,0,1,1,1,0,1
689,0,12,4,0.3738159153799896,3,0,1,5,3,0.3406342426867164,0,1,1,1,0,1
690,0,15,2,0.3680768642969536,1,0,2,1,3,0.33771074028991616,1,2,1,1,0,1
691,1,15,4,0.3725224823130716,5,0,3,0,2,0.33771074028991616,0,1,5,1,0,1
692,1,24,4,0.3729092661718499,5,1,2,5,1,0.3397535150166297,0,1,1,1,0,1
693,0,6,2,0.37477563294367405,4,1,1,5,3,0.3449182069595081,1,2,5,1,0,1
694,2,24,4,0.3719398685900995,1,3,4,5,2,0.3392810405265025,0,1,1,1,0,1
695,2,6,4,0.3692200099493415,6,0,2,5,4,0.346352815412462,0,1,1,1,0,1
696,1,12,4,0.36867831617385616,1,3,4,5,3,0.3397535150166297,1,2,1,1,0,1
697,2,12,2,0.3678208132783213,1,4,1,0,2,0.3431910908111629,0,1,4,1,0,1
698,2,18,2,0.3709233097029445,1,0,4,5,2,0.33712787535535405,1,2,1,1,0,1
699,3,15,4,0.3711695170693916,1,2,4,5,4,0.3438057220293414,0,1,0,1,0,1
700,2,12,4,0.3687646607139461,6,0,4,0,4,0.3397535150166297,0,1,5,0,1,1
701,0,48,2,0.375829344867939,1,2,4,5,4,0.34542435085076645,1,2,1,0,1,1
702,3,24,4,0.3697225720452018,5,2,4,0,2,0.3456664097071358,0,1,1,1,0,1
703,1,30,3,0.3723187728961929,5,2,4,5,2,0.34409758202147595,1,2,1,1,0,1
704,1,27,4,0.3723595156270077,1,1,4,0,1,0.34104578678506664,0,1,1,1,0,1
705,2,15,4,0.3752158231000012,6,2,1,0,4,0.3421814165124942,0,1,1,1,0,1
706,1,48,4,0.3759530277810089,5,3,3,5,2,0.33712787535535405,0,1,1,0,1,1
707,1,12,0,0.3730085059255887,1,1,4,0,3,0.33771074028991616,1,2,1,0,1,1
708,1,9,4,0.3691041603699626,1,2,4,0,4,0.33771074028991616,0,1,1,1,0,1
709,1,9,4,0.3716227127282339,1,0,2,5,2,0.34286699087144074,0,1,5,1,0,1
710,2,18,2,0.36580717890113,6,2,4,5,3,0.34104578678506664,1,2,0,1,0,1
711,0,6,1,0.3690726805260595,1,2,4,0,4,0.3421814165124942,0,1,1,0,1,1
712,2,21,4,0.37227422581741865,4,2,4,5,4,0.34542435085076645,0,1,0,1,0,1
713,0,9,2,0.36882821144421396,1,0,4,5,4,0.33771074028991616,1,2,5,1,0,1
714,1,60,4,0.3784373833108434,1,3,4,5,2,0.33878461744725724,0,1,0,0,1,1
715,2,30,2,0.3764559117321269,4,2,1,5,4,0.34879213507952683,1,2,1,1,0,1
716,2,30,2,0.3731501623192448,4,2,3,5,2,0.3438057220293414,1,2,1,1,0,1
717,2,18,4,0.37012802104340814,1,0,4,5,2,0.34104578678506664,0,1,0,1,0,1
718,3,24,2,0.3732401300906869,4,0,3,5,2,0.3406342426867164,1,2,1,1,0,1
719,1,20,0,0.3757267007154451,5,2,3,4,4,0.3406342426867164,1,2,1,1,0,1
720,3,9,0,0.3695865115106634,1,1,4,5,2,0.34181819093076593,1,2,0,0,1,1
721,1,6,1,0.3636904987160632,3,1,4,0,2,0.33712787535535405,1,1,1,0,1,1
722,0,12,4,0.3691894501784725,1,0,4,0,2,0.33712787535535405,0,1,5,0,1,1
723,1,9,4,0.3670141841493909,6,0,4,0,3,0.3492607624997913,0,1,5,1,0,1
724,2,27,4,0.3724269007362185,1,0,3,0,3,0.3351539346427997,0,1,1,0,1,1
725,2,6,2,0.3602115967321623,3,0,2,0,2,0.34409758202147595,1,2,5,1,0,1
726,2,15,2,0.3695131085148436,6,0,2,4,2,0.3456664097071358,1,2,5,1,0,1
727,0,18,4,0.3711169922648563,1,0,4,0,4,0.33771074028991616,1,2,1,0,1,1
728,1,48,1,0.3758758524182088,1,2,4,0,3,0.3481189515336097,0,1,1,0,1,1
729,3,24,2,0.3693656566119052,3,0,2,1,4,0.34253071065961543,1,2,1,1,0,1
730,1,24,3,0.3758687861237763,1,1,1,5,2,0.34144002131489304,0,1,1,1,0,1
731,0,24,4,0.3713508105312261,1,0,2,5,4,0.3351539346427997,0,1,5,0,1,1
732,1,8,4,0.3668133727166105,1,3,4,0,2,0.3449182069595081,0,1,5,1,0,1
733,2,24,4,0.3724789380424525,3,0,2,0,4,0.3392810405265025,0,1,1,1,0,1
734,2,4,2,0.3735182274848061,1,3,1,0,1,0.34286699087144074,0,1,1,1,0,1
735,1,36,1,0.37415366733676414,4,1,3,0,2,0.3397535150166297,1,1,4,1,0,1
736,1,24,4,0.3778327092150329,1,0,1,0,4,0.3365101139409041,1,2,0,0,1,1
737,0,18,4,0.3745028428600328,5,0,3,5,4,0.3421814165124942,0,1,5,1,0,1
738,2,6,2,0.3760575163289307,1,3,1,5,3,0.34517508014159337,1,2,0,1,0,1
739,1,30,0,0.3744168910208119,5,0,4,0,4,0.3382620256541887,1,2,5,0,1,1
740,0,24,1,0.3720140004591047,5,3,2,5,3,0.34104578678506664,1,1,1,1,0,1
741,1,10,1,0.3684307819416311,1,0,4,5,4,0.3365101139409041,1,1,5,1,0,1
742,2,21,4,0.3732550994373922,4,2,4,5,3,0.34409758202147595,0,1,1,1,0,1
743,0,24,1,0.372285830120348,6,0,4,5,4,0.3358536211828917,1,1,1,1,0,1
744,0,39,2,0.3784705571335027,4,3,4,5,4,0.3402040022840905,1,2,0,1,0,1
745,0,13,2,0.3709160252366896,1,1,3,5,1,0.3392810405265025,1,2,5,1,0,1
746,0,15,4,0.3723318628141946,1,4,1,0,4,0.3365101139409041,0,1,1,1,0,1
747,0,12,4,0.3693619893038896,1,1,3,0,1,0.34286699087144074,0,1,5,0,1,1
748,2,21,4,0.3751641009874693,4,0,1,5,3,0.3382620256541887,0,1,1,1,0,1
749,2,15,4,0.3730879401667737,1,3,2,5,2,0.34144002131489304,0,1,1,1,0,1
750,0,6,4,0.3636216646132185,1,2,2,0,1,0.3461303165564136,1,1,1,1,0,1
751,0,18,4,0.3680819266902168,1,1,1,0,2,0.3365101139409041,0,1,5,0,1,1
752,1,12,4,0.3673351463533356,5,3,2,0,4,0.3365101139409041,0,1,5,1,0,1
753,2,30,2,0.3755035468692561,1,3,4,0,2,0.33771074028991616,1,2,1,1,0,1
754,2,12,3,0.3702753178486872,3,2,4,5,4,0.3473819304280704,1,2,1,0,1,1
755,0,24,4,0.3694021406269626,4,3,4,0,4,0.34104578678506664,0,1,1,0,1,1
756,3,6,2,0.36945264900989055,1,0,1,5,1,0.3503834811372257,1,3,4,1,0,1
757,3,15,2,0.3693509665862161,4,0,3,5,4,0.3435037699753355,1,2,1,0,1,1
758,2,24,4,0.3697756743669429,1,0,2,5,2,0.3406342426867164,0,1,1,1,0,1
759,0,12,2,0.3663124135334168,1,2,4,5,3,0.3421814165124942,1,2,1,0,1,1
760,2,15,2,0.3750215429784213,4,2,1,0,4,0.3481189515336097,0,1,1,1,0,1
761,0,18,2,0.371634684231875,1,0,4,0,4,0.33712787535535405,1,2,1,0,1,1
762,0,12,4,0.3718095776272415,1,0,4,5,3,0.33712787535535405,0,1,5,1,0,1
763,2,21,2,0.3781240066197242,4,2,4,5,4,0.3402040022840905,0,1,0,0,1,1
764,2,24,2,0.3722525714962012,5,3,4,4,3,0.33878461744725724,1,2,1,1,0,1
765,1,12,4,0.3688990263317309,1,2,3,4,3,0.3438057220293414,1,2,5,1,0,1
766,0,30,4,0.3731897420324821,1,1,2,1,4,0.3406342426867164,0,1,5,0,1,1
767,2,10,4,0.3729161572088262,4,1,1,0,4,0.3406342426867164,0,1,1,1,0,1
768,1,12,2,0.3737800181494195,1,2,1,5,4,0.3392810405265025,1,3,1,1,0,1
769,2,12,2,0.37055360644349705,1,2,2,5,4,0.34879213507952683,1,2,5,1,0,1
770,0,24,4,0.3727913505837066,4,2,2,0,4,0.3382620256541887,0,1,1,1,0,1
771,0,36,2,0.3766579794821186,1,0,3,0,2,0.33771074028991616,1,2,0,0,1,1
772,2,21,2,0.3733952431191264,1,2,1,5,4,0.34253071065961543,0,1,0,1,0,1
773,2,24,2,0.3718266013168942,5,2,4,5,4,0.34678036896021164,1,2,1,1,0,1
774,3,12,2,0.37005215832799504,6,4,2,5,4,0.3492607624997913,1,3,4,1,0,1
775,0,24,4,0.3697024675113364,4,0,4,0,4,0.33771074028991616,0,1,1,0,1,1
776,2,36,2,0.3736917844965594,1,3,4,5,4,0.34286699087144074,1,2,1,1,0,1
777,0,18,4,0.3736633041111406,1,3,4,0,1,0.33771074028991616,0,1,1,1,0,1
778,2,36,2,0.3754664658841336,3,2,4,5,2,0.3431910908111629,1,2,0,1,0,1
779,1,18,4,0.3740400588658235,1,4,2,0,4,0.3494107248458537,0,1,1,1,0,1
780,1,39,2,0.3749399892640741,1,3,2,5,2,0.33771074028991616,1,2,1,0,1,1
781,2,24,2,0.3712480136394275,3,2,4,5,4,0.3482928352666628,0,1,1,1,0,1
782,1,12,0,0.3698312998571879,1,0,2,5,2,0.3406342426867164,0,1,5,1,0,1
783,1,12,4,0.3673047383016497,5,1,4,0,2,0.3365101139409041,1,1,5,0,1,1
784,1,20,4,0.3759039518272442,4,4,1,1,4,0.3482928352666628,0,1,0,1,0,1
785,1,18,4,0.3712502315663085,3,0,4,5,2,0.3421814165124942,0,1,5,1,0,1
786,2,22,4,0.372589812923758,6,2,3,5,4,0.3438057220293414,0,1,1,1,0,1
787,2,48,2,0.37270308151435616,4,2,4,5,3,0.3431910908111629,1,2,1,1,0,1
788,1,48,3,0.3757697554239389,1,2,4,5,4,0.346352815412462,0,1,1,0,1,1
789,0,40,2,0.3756398749900135,1,0,4,5,3,0.33878461744725724,1,1,1,0,1,1
790,1,21,4,0.3690329730021609,1,2,2,0,4,0.3435037699753355,0,1,1,0,1,1
791,2,24,4,0.3758194029018376,4,2,3,5,4,0.34409758202147595,0,1,0,1,0,1
792,2,6,2,0.369162513258909,4,0,1,4,2,0.33878461744725724,1,2,1,1,0,1
793,3,24,4,0.37290374321764463,1,2,3,1,4,0.3465694084595632,0,1,1,1,0,1
794,2,24,4,0.3731308416141871,6,2,4,5,3,0.34104578678506664,0,1,1,1,0,1
795,2,9,4,0.3719707963058825,5,1,2,0,4,0.3358536211828917,0,1,1,1,0,1
796,0,18,4,0.3764177399762843,4,2,1,5,4,0.3465694084595632,0,1,1,0,1,1
797,2,12,2,0.3693028374487475,1,1,2,0,4,0.3358536211828917,1,2,5,1,0,1
798,2,24,3,0.36650806280377213,4,2,4,4,4,0.3471863981609548,1,2,1,1,0,1
799,1,9,4,0.37025794368508697,4,1,4,5,2,0.3421814165124942,0,1,4,1,0,1
800,0,60,4,0.3763193723259527,1,2,4,3,4,0.34253071065961543,0,1,1,0,1,1
801,0,24,1,0.3761136817593728,1,1,2,1,1,0.3473819304280704,1,1,1,0,1,1
802,0,24,1,0.3690528768490161,1,4,1,0,4,0.3397535150166297,0,2,2,0,1,1
803,0,24,1,0.3732563438566756,1,0,4,3,2,0.3406342426867164,0,1,1,0,1,1
804,0,12,1,0.3663583517046,1,1,4,3,2,0.34542435085076645,1,2,1,0,1,1
805,0,30,4,0.3740253262209287,1,0,4,1,4,0.3438057220293414,0,1,0,1,0,1
806,0,48,4,0.37746237596170384,1,3,4,3,4,0.3435037699753355,1,3,1,0,1,1
807,1,60,4,0.3758055397138248,1,0,4,3,4,0.3443799326500556,0,1,1,0,1,1
808,0,24,4,0.37221223621530825,1,1,4,0,4,0.3421814165124942,0,1,1,0,1,1
809,0,21,4,0.3724836299527934,1,1,4,0,4,0.3392810405265025,0,1,0,1,0,1
810,0,45,4,0.3710308701891719,1,0,4,3,4,0.3365101139409041,0,1,1,0,1,1
811,0,18,4,0.37212667270233507,1,1,4,0,1,0.33878461744725724,1,1,1,1,0,1
812,0,18,4,0.3696141112553957,1,0,4,2,3,0.3382620256541887,1,1,1,0,1,1
813,0,18,4,0.3691431585896383,1,1,4,0,3,0.3365101139409041,0,1,1,0,1,1
814,0,36,4,0.3788116790678568,1,4,2,1,3,0.34465330972735314,0,1,0,1,0,1
815,0,18,1,0.3712480136394275,1,1,3,3,4,0.34253071065961543,1,1,0,1,0,1
816,0,18,1,0.3699338573522447,1,3,4,3,4,0.34104578678506664,0,2,3,0,1,1
817,0,45,0,0.37790207900250217,1,2,2,3,4,0.3397535150166297,0,2,1,0,1,1
818,0,27,2,0.3722173037888311,1,2,4,3,4,0.34465330972735314,1,4,0,1,0,1
819,0,48,4,0.3731166019935777,1,0,3,3,4,0.3471863981609548,0,1,1,0,1,1
820,0,36,4,0.3741242068669477,1,4,4,3,3,0.3402040022840905,0,1,0,1,0,1
821,0,12,4,0.3701069324663885,1,0,4,0,1,0.3365101139409041,1,1,1,1,0,1
822,0,12,4,0.36704675039998186,1,1,4,0,4,0.3469859524413701,0,1,1,0,1,1
823,0,12,4,0.3660014367571425,1,2,4,0,4,0.33712787535535405,0,1,1,1,0,1
824,1,15,1,0.3693251248335489,2,0,2,2,2,0.33771074028991616,0,1,1,0,1,1
825,1,42,1,0.3771248406342975,1,4,1,3,2,0.3473819304280704,1,1,0,1,0,1
826,1,48,0,0.3792604914650761,1,0,1,0,2,0.34104578678506664,1,1,0,0,1,1
827,0,24,1,0.37348239115275533,0,1,4,3,4,0.3402040022840905,0,1,1,0,1,1
828,0,21,2,0.3704086994958681,1,2,4,2,3,0.3402040022840905,0,2,1,1,0,1
829,1,36,3,0.37638181018844025,1,0,2,0,2,0.3471863981609548,0,1,1,1,0,1
830,0,15,4,0.3741242068669477,1,0,3,0,2,0.3397535150166297,0,1,1,0,1,1
831,1,30,3,0.37120112020697066,2,1,4,3,3,0.3402040022840905,1,2,0,0,1,1
832,0,24,4,0.3759630632409969,1,4,4,3,2,0.3397535150166297,0,1,0,1,0,1
833,0,15,2,0.3699052909182659,1,0,4,0,3,0.33771074028991616,0,2,1,1,0,1
834,0,24,4,0.3734777386656241,1,2,4,3,2,0.3435037699753355,0,1,0,0,1,1
835,0,48,4,0.3740973636720543,1,3,4,3,4,0.34542435085076645,0,1,1,0,1,1
836,0,12,3,0.3696106720794178,1,0,4,3,2,0.34465330972735314,0,2,3,1,0,1
837,0,12,0,0.3685855981459481,1,0,4,3,4,0.3459016192610386,1,2,1,0,1,1
838,0,24,4,0.3707924377880393,1,1,4,3,1,0.33712787535535405,0,1,3,1,0,1
839,1,9,4,0.37059361326870455,1,1,4,0,2,0.3358536211828917,0,1,1,0,1,1
840,3,42,0,0.3758060954730064,1,1,2,1,1,0.34144002131489304,0,2,1,1,0,1
841,0,9,4,0.36968563291762624,1,1,3,0,4,0.3358536211828917,0,1,1,0,1,1
842,1,6,4,0.3715110598593071,1,1,4,2,3,0.3402040022840905,0,1,0,1,0,1
843,1,48,4,0.3787761546590115,1,0,2,3,2,0.3365101139409041,0,1,1,0,1,1
844,1,18,2,0.373751227662274,1,4,3,2,3,0.3438057220293414,0,3,2,1,0,1
845,1,15,0,0.3708695508941251,1,1,2,0,1,0.3382620256541887,0,2,2,0,1,1
846,0,28,4,0.3741687678005568,1,0,3,3,2,0.34517508014159337,0,1,3,0,1,1
847,1,30,4,0.3707111051408818,4,0,4,0,1,0.3382620256541887,0,1,1,1,0,1
848,0,18,2,0.3684354214837885,1,1,4,0,4,0.3351539346427997,0,1,1,1,0,1
849,0,36,4,0.3767254413185639,1,0,2,3,2,0.3382620256541887,0,1,1,0,1,1
850,1,48,0,0.3767774194678429,0,1,1,0,1,0.3402040022840905,0,2,1,1,0,1
851,0,36,4,0.3726454256863433,1,2,2,3,2,0.34409758202147595,1,1,1,0,1,1
852,0,36,4,0.37511637916784973,1,3,4,3,2,0.3397535150166297,0,1,1,0,1,1
853,1,21,3,0.37206374156362426,1,0,1,1,4,0.3456664097071358,0,2,1,1,0,1
854,2,36,4,0.3776670137130305,1,4,4,0,2,0.3382620256541887,0,2,0,0,1,1
855,1,48,3,0.3760163674222136,4,0,4,3,4,0.3431910908111629,0,1,1,1,0,1
856,0,12,4,0.36644879701988975,1,2,4,3,4,0.34775908412850337,1,1,3,0,1,1
857,1,8,4,0.3677170762587959,1,1,3,2,2,0.3382620256541887,0,1,1,1,0,1
858,2,36,3,0.3745649798165204,1,0,4,0,4,0.34181819093076593,0,2,1,1,0,1
859,0,24,2,0.3729923916620404,1,2,4,3,4,0.34879213507952683,0,2,1,1,0,1
860,1,24,4,0.3731398718057145,2,2,4,3,4,0.3402040022840905,0,1,1,1,0,1
861,1,6,4,0.3654570510760642,1,1,3,2,3,0.3382620256541887,0,1,3,1,0,1
862,1,6,4,0.3639692273344641,1,1,3,2,1,0.3358536211828917,0,1,3,1,0,1
863,0,24,4,0.3720743090614977,2,4,1,1,1,0.34144002131489304,0,1,1,0,1,1
864,0,24,2,0.3692009380827001,3,2,4,0,4,0.34775908412850337,0,2,0,1,0,1
865,0,18,2,0.3741308828477535,1,2,1,0,4,0.34144002131489304,1,3,1,0,1,1
866,1,24,4,0.37421643214050704,1,3,3,1,3,0.34465330972735314,0,1,1,0,1,1
867,1,36,2,0.3755213085036229,1,0,3,3,4,0.34181819093076593,0,2,1,1,0,1
868,0,36,3,0.371676270155856,1,3,2,3,1,0.33712787535535405,0,2,1,0,1,1
869,1,36,4,0.3738783146724781,4,0,2,2,2,0.33878461744725724,0,1,1,1,0,1
870,0,36,2,0.3772446165364117,1,3,4,3,4,0.33712787535535405,0,2,1,0,1,1
871,1,24,4,0.3742679661266545,0,1,3,0,4,0.3392810405265025,0,1,1,0,1,1
872,1,24,2,0.3707823688567813,1,2,4,3,2,0.3459016192610386,0,2,3,1,0,1
873,0,36,4,0.376768220467032,4,2,3,3,4,0.3456664097071358,0,1,1,0,1,1
874,0,12,2,0.3717270922521368,1,0,4,3,4,0.3431910908111629,1,2,3,1,0,1
875,0,9,4,0.369870082920042,1,1,3,3,2,0.33878461744725724,0,1,0,0,1,1
876,0,15,4,0.3710308701891719,1,1,4,0,1,0.34542435085076645,0,1,1,1,0,1
877,0,20,2,0.3744099133604251,1,2,1,0,4,0.33712787535535405,0,2,1,1,0,1
878,0,18,4,0.3743042746738955,1,0,2,3,3,0.3443799326500556,0,1,1,0,1,1
879,1,30,4,0.3730378500245535,4,2,2,0,4,0.33771074028991616,0,1,1,1,0,1
880,0,12,4,0.3711422076729134,1,0,4,0,4,0.3397535150166297,0,1,1,1,0,1
881,0,8,2,0.3666098626202725,1,2,4,3,4,0.3456664097071358,0,2,3,1,0,1
882,1,18,3,0.3721918917990468,4,2,4,3,2,0.3443799326500556,0,2,1,1,0,1
883,1,45,2,0.3746648265559093,2,4,3,3,4,0.33878461744725724,0,1,1,1,0,1
884,0,36,4,0.3771205942509291,1,3,2,3,1,0.33712787535535405,0,1,1,0,1,1
885,3,12,4,0.3730708879256101,1,0,3,2,1,0.33712787535535405,0,1,1,1,0,1
886,0,12,4,0.373751227662274,1,0,2,3,2,0.3397535150166297,0,1,3,1,0,1
887,1,24,2,0.3747911477585341,1,1,2,0,4,0.33771074028991616,1,1,3,0,1,1
888,0,12,4,0.3686957353600081,1,0,2,3,2,0.3344058248343126,0,1,0,1,0,1
889,1,24,4,0.3750494455151017,4,2,2,0,4,0.3443799326500556,0,1,1,1,0,1
890,0,20,2,0.3718491727063776,1,0,4,2,2,0.34144002131489304,1,2,1,0,1,1
891,3,9,4,0.3667093135411904,1,0,3,0,2,0.3392810405265025,0,1,3,0,1,1
892,2,24,4,0.3692691656193732,1,1,4,2,2,0.3392810405265025,0,1,1,1,0,1
893,1,11,2,0.3695342235501001,3,0,4,0,4,0.3438057220293414,0,2,1,1,0,1
894,3,15,4,0.37201757690534026,1,1,2,0,3,0.33771074028991616,0,1,3,0,1,1
895,2,15,1,0.3703155475274814,2,2,4,3,4,0.34181819093076593,1,1,3,1,0,1
896,0,18,4,0.3712391282992165,4,3,2,2,4,0.3365101139409041,0,2,3,1,0,1
897,2,18,4,0.37356616730608383,1,2,4,3,4,0.3456664097071358,1,3,1,1,0,1
898,0,24,2,0.3697392457022481,2,3,4,3,1,0.3382620256541887,0,2,1,1,0,1
899,2,18,3,0.3717232085905886,1,0,4,2,2,0.3392810405265025,0,1,1,0,1,1
900,2,18,4,0.3712546633411336,1,1,4,0,4,0.3365101139409041,0,1,1,0,1,1
901,2,24,4,0.3700337227297274,2,1,4,2,3,0.34144002131489304,0,1,1,1,0,1
902,2,18,4,0.3702112160734529,1,1,4,2,1,0.34465330972735314,0,1,3,0,1,1
903,1,30,2,0.3717464470168062,4,2,4,3,4,0.34253071065961543,0,2,1,1,0,1
904,2,15,4,0.3737275797991686,1,2,4,0,2,0.3471863981609548,1,1,0,1,0,1
905,0,6,4,0.3786217109149391,1,2,1,3,4,0.3495577466134833,1,1,0,0,1,1
906,1,27,2,0.3723465300601158,0,0,4,3,2,0.3365101139409041,0,2,3,0,1,1
907,3,24,4,0.3693028374487475,0,0,3,0,3,0.34775908412850337,0,1,3,1,0,1
908,2,48,4,0.37487362363283455,1,4,3,3,2,0.34144002131489304,1,1,0,0,1,1
909,2,12,4,0.3686695779858093,1,0,3,2,2,0.33878461744725724,0,2,1,1,0,1
910,1,9,2,0.3688948956052195,1,2,2,3,4,0.34286699087144074,0,3,3,1,0,1
911,2,24,3,0.3723756793204988,1,2,4,3,4,0.3456664097071358,0,2,3,0,1,1
912,2,36,4,0.3737565784083813,1,2,4,3,2,0.3392810405265025,0,1,1,1,0,1
913,0,9,4,0.369678878363798,1,3,3,3,4,0.3481189515336097,0,1,1,1,0,1
914,2,24,2,0.3724914356158581,1,2,4,2,3,0.34542435085076645,0,2,1,1,0,1
915,2,24,1,0.3702868561233677,1,3,4,3,4,0.346352815412462,1,1,1,1,0,1
916,3,21,4,0.3729463120171394,2,0,1,0,1,0.3392810405265025,1,1,0,1,0,1
917,1,12,4,0.3713830102162448,1,3,3,3,4,0.3402040022840905,0,1,1,1,0,1
918,1,12,4,0.3764000576270707,4,4,1,0,2,0.33712787535535405,0,1,2,1,0,1
919,2,36,3,0.3776380132105892,1,2,2,3,2,0.34517508014159337,0,2,1,1,0,1
920,2,18,2,0.3709643166721199,1,0,4,0,2,0.3392810405265025,0,2,1,1,0,1
921,2,30,2,0.3728183829173665,1,0,4,0,2,0.34144002131489304,0,1,1,1,0,1
922,2,18,2,0.3686564347424255,1,4,4,0,4,0.34910775274979705,0,2,2,1,0,1
923,1,18,2,0.37091116086326587,1,2,3,0,4,0.3459016192610386,1,2,3,1,0,1
924,0,11,2,0.3741050560083677,1,0,1,3,2,0.3438057220293414,0,2,3,1,0,1
925,1,9,4,0.37329838008485305,4,0,1,0,2,0.34144002131489304,0,1,3,1,0,1
926,2,24,4,0.3693766378268706,1,2,4,3,1,0.34253071065961543,0,1,0,1,0,1
927,2,36,2,0.3759814616239316,1,2,4,3,4,0.34181819093076593,0,2,0,1,0,1
928,2,21,3,0.37304050503061065,1,0,3,3,2,0.3392810405265025,1,2,3,1,0,1
929,1,15,4,0.37015496300307343,2,0,4,3,2,0.3358536211828917,0,1,1,1,0,1
930,3,30,2,0.3738211612206763,4,2,4,3,4,0.3461303165564136,1,2,3,1,0,1
931,2,15,3,0.3737555089596745,1,1,1,0,2,0.34542435085076645,0,2,3,1,0,1
932,1,6,4,0.3667651259767469,1,0,2,0,3,0.3489515831180964,0,1,1,1,0,1
933,2,18,2,0.37394862406155294,1,1,3,1,2,0.3421814165124942,0,2,0,1,0,1
934,2,12,4,0.3671047466997031,1,2,4,3,4,0.3431910908111629,0,1,1,1,0,1
935,2,15,4,0.3697525326060075,4,0,4,2,2,0.3438057220293414,0,1,1,1,0,1
936,2,15,4,0.3675304857000848,4,1,4,0,1,0.33712787535535405,0,1,1,1,0,1
937,1,24,2,0.37280986960757095,4,3,4,3,3,0.34181819093076593,0,2,1,1,0,1
938,1,30,2,0.376788578720425,1,3,2,3,2,0.3461303165564136,0,1,1,0,1,1
939,2,36,4,0.37637126618283867,4,2,3,3,2,0.34286699087144074,0,2,1,1,0,1
940,0,21,4,0.3739314423022972,4,3,2,3,2,0.33712787535535405,0,1,3,1,0,1
941,2,24,2,0.3703947338175353,1,2,4,3,4,0.3471863981609548,0,2,1,1,0,1
942,2,24,3,0.3721023339463731,0,0,4,3,2,0.3449182069595081,0,2,1,1,0,1
943,2,12,4,0.3675993106017675,4,0,4,0,2,0.3351539346427997,0,1,1,1,0,1
944,2,13,4,0.3698280500814016,2,4,2,0,4,0.3489515831180964,0,1,1,1,0,1
945,2,18,0,0.3743150873012922,1,0,2,3,2,0.34253071065961543,1,2,1,0,1,1
946,2,24,4,0.3737842619056505,2,2,2,3,4,0.3406342426867164,0,2,1,0,1,1
947,1,6,4,0.36434092521271705,1,3,3,2,3,0.3392810405265025,1,1,3,1,0,1
948,2,30,4,0.3710823231850893,4,2,4,3,4,0.3479410895948148,0,1,1,1,0,1
949,2,15,2,0.3709929883027831,1,2,4,3,4,0.34542435085076645,0,2,1,1,0,1
950,2,15,2,0.3700244711880712,1,0,4,3,4,0.3421814165124942,0,2,1,1,0,1
951,2,12,4,0.3707646816927511,1,3,3,0,4,0.3406342426867164,0,1,3,1,0,1
952,2,24,4,0.3771227182373264,4,0,2,1,4,0.3459016192610386,0,1,1,1,0,1
953,1,21,4,0.3741403960038822,4,3,2,3,3,0.3421814165124942,0,1,1,1,0,1
954,2,48,3,0.3781409740198396,0,3,4,3,1,0.34286699087144074,0,1,0,1,0,1
955,2,36,3,0.37649226913544254,0,3,2,0,4,0.3438057220293414,0,2,1,1,0,1
956,2,10,4,0.3702492263784485,1,0,3,3,2,0.3406342426867164,0,1,3,1,0,1
957,2,24,4,0.3721405047652385,0,2,3,3,2,0.3421814165124942,1,2,1,0,1,1
958,2,28,1,0.3765559007290887,4,1,3,3,4,0.3438057220293414,1,2,1,1,0,1
959,2,12,2,0.3678423242190792,4,2,4,3,4,0.34910775274979705,0,4,1,1,0,1
960,2,4,4,0.3655586132505645,1,1,1,0,3,0.3365101139409041,0,1,3,1,0,1
961,2,42,4,0.3762574879583259,4,3,2,2,4,0.3397535150166297,0,1,1,1,0,1
962,2,6,2,0.3707747990434085,1,2,2,2,2,0.3402040022840905,0,2,1,1,0,1
963,2,24,4,0.376363908773446,1,0,1,3,4,0.34465330972735314,0,1,3,1,0,1
964,2,24,4,0.376551586522242,1,3,3,3,3,0.3431910908111629,0,1,0,1,0,1
965,2,15,4,0.3718228253554042,0,0,2,0,4,0.3344058248343126,0,1,1,1,0,1
966,2,15,2,0.3734754099642367,1,0,4,3,2,0.3392810405265025,0,1,1,1,0,1
967,0,16,2,0.3725131977071051,1,2,2,3,4,0.34465330972735314,1,1,1,0,1,1
968,2,10,4,0.3718019851471079,1,0,2,3,2,0.33771074028991616,1,1,3,0,1,1
969,2,27,2,0.37462428726303176,3,1,4,3,2,0.34104578678506664,1,2,3,1,0,1
970,3,6,2,0.36960722983019106,1,2,1,3,4,0.34542435085076645,0,2,1,1,0,1
971,2,12,4,0.3728578317611228,4,4,4,3,4,0.3431910908111629,0,1,0,1,0,1
972,2,12,4,0.3721284047109612,4,2,4,3,3,0.346352815412462,0,1,1,1,0,1
973,2,24,2,0.3755237502543672,3,0,4,3,2,0.33878461744725724,0,2,1,1,0,1
974,2,9,2,0.3691740803448304,1,0,3,3,1,0.3402040022840905,0,2,1,1,0,1
975,2,10,4,0.3676445688762404,4,3,4,0,3,0.3438057220293414,0,1,1,1,0,1
976,2,18,4,0.3760575163289307,4,0,2,3,4,0.3495577466134833,0,2,1,0,1,1
977,2,20,2,0.3736367932546804,4,1,2,1,4,0.3449182069595081,0,2,1,1,0,1
978,2,15,4,0.3737146085563807,4,0,3,3,2,0.3397535150166297,0,1,1,1,0,1
979,2,18,2,0.3689564080722511,4,0,4,3,3,0.3397535150166297,0,2,1,1,0,1
980,2,36,3,0.37700347496678493,4,3,3,3,2,0.3406342426867164,1,1,0,1,0,1
981,2,36,2,0.3775182694873995,4,2,2,3,4,0.3443799326500556,0,2,1,1,0,1
982,2,11,4,0.37167035899928863,3,2,1,1,2,0.3392810405265025,0,1,1,1,0,1
983,2,24,4,0.3678369570042189,4,3,4,3,2,0.3406342426867164,1,1,1,1,0,1
984,2,12,2,0.3680819266902168,4,2,4,3,4,0.3421814165124942,0,2,1,1,0,1
985,2,10,4,0.3728423886623341,2,0,1,3,2,0.34104578678506664,0,1,1,1,0,1
986,2,12,2,0.36477290419763264,0,2,4,3,4,0.3443799326500556,0,2,1,1,0,1
987,2,6,4,0.3695899723067196,0,0,1,1,4,0.3486292836319043,0,1,1,1,0,1
988,2,12,2,0.3734614032103716,1,2,2,3,4,0.3443799326500556,1,1,1,1,0,1
989,2,24,2,0.3714381486801078,1,3,2,3,2,0.3402040022840905,0,2,3,1,0,1
990,2,12,4,0.37368304762182025,4,1,2,3,3,0.34517508014159337,0,1,0,1,0,1
991,2,24,2,0.3760986065321864,4,0,2,3,4,0.34542435085076645,0,2,0,1,0,1
992,2,6,2,0.3702724277306226,1,3,1,0,2,0.33712787535535405,0,2,1,1,0,1
993,2,4,2,0.36997474489760135,1,3,2,3,1,0.3443799326500556,0,3,3,1,0,1
994,2,15,4,0.3717560849123524,4,3,1,0,4,0.34144002131489304,1,1,3,1,0,1
995,2,12,2,0.37372434180477865,4,1,2,3,1,0.34286699087144074,0,2,3,1,0,1
996,2,24,2,0.3742024865413641,4,3,3,3,4,0.34465330972735314,0,2,1,1,0,1
997,2,12,2,0.37038071575633225,3,3,3,0,2,0.3421814165124942,0,1,1,1,0,1
998,2,30,2,0.3760477949424148,4,3,2,3,3,0.34253071065961543,0,2,1,1,0,1
999,2,9,4,0.3737372745999293,2,0,1,3,2,0.3382620256541887,0,1,1,1,0,1
